assay_id,project_id,filename,cell_id,cell_line,disease,treatment,tissue_type,sub_cell,organ_id,PXD_accession,all_PSM,sign_PSM,peptides,proteins
33749,1875,00463_A10_P003362_B00A_A00_R1,551,MCF7,adenocarcinoma,/,breast,/,,PXD005946,0,0,0,0
33750,1875,00463_A11_P003362_B00I_A00_R1,551,MCF7,adenocarcinoma,/,breast,/,,PXD005946,0,0,0,0
33761,1875,00463_B10_P003362_B00B_A00_R1,551,MCF7,adenocarcinoma,/,breast,/,,PXD005946,0,0,0,0
33762,1875,00463_B11_P003362_B00J_A00_R1,551,MCF7,adenocarcinoma,/,breast,/,,PXD005946,0,0,0,0
33773,1875,00463_C10_P003362_B00C_A00_R1,551,MCF7,adenocarcinoma,/,breast,/,,PXD005946,0,0,0,0
33774,1875,00463_C11_P003362_B00K_A00_R1,551,MCF7,adenocarcinoma,/,breast,/,,PXD005946,0,0,0,0
33785,1875,00463_D10_P003362_B00D_A00_R1,551,MCF7,adenocarcinoma,/,breast,/,,PXD005946,0,0,0,0
33786,1875,00463_D11_P003362_B00L_A00_R1,551,MCF7,adenocarcinoma,/,breast,/,,PXD005946,0,0,0,0
33797,1875,00463_E10_P003362_B00E_A00_R1,551,MCF7,adenocarcinoma,/,breast,/,,PXD005946,0,0,0,0
33809,1875,00463_F10_P003362_B00F_A00_R1,551,MCF7,adenocarcinoma,/,breast,/,,PXD005946,0,0,0,0
33821,1875,00463_G10_P003362_B00G_A00_R1,551,MCF7,adenocarcinoma,/,breast,/,,PXD005946,0,0,0,0
33833,1875,00463_H10_P003362_B00H_A00_R1,551,MCF7,adenocarcinoma,/,breast,/,,PXD005946,0,0,0,0
33671,1875,00442_A04_P003205_B00A_A00_R2,563,HCT116,carcinoma,/,colon,/,,PXD005946,0,0,0,0
33672,1875,00442_A05_P003205_B00I_A00_R1,563,HCT116,carcinoma,/,colon,/,,PXD005946,0,0,0,0
33680,1875,00442_B04_P003205_B00B_A00_R2,563,HCT116,carcinoma,/,colon,/,,PXD005946,0,0,0,0
33681,1875,00442_B05_P003205_B00J_A00_R1,563,HCT116,carcinoma,/,colon,/,,PXD005946,0,0,0,0
33689,1875,00442_C04_P003205_B00C_A00_R1,563,HCT116,carcinoma,/,colon,/,,PXD005946,0,0,0,0
33690,1875,00442_C05_P003205_B00K_A00_R2,563,HCT116,carcinoma,/,colon,/,,PXD005946,0,0,0,0
33698,1875,00442_D04_P003205_B00D_A00_R1,563,HCT116,carcinoma,/,colon,/,,PXD005946,0,0,0,0
33699,1875,00442_D05_P003205_B00L_A00_R1,563,HCT116,carcinoma,/,colon,/,,PXD005946,0,0,0,0
33707,1875,00442_E04_P003205_B00E_A00_R1,563,HCT116,carcinoma,/,colon,/,,PXD005946,0,0,0,0
33716,1875,00442_F04_P003205_B00F_A00_R2,563,HCT116,carcinoma,/,colon,/,,PXD005946,0,0,0,0
33725,1875,00442_G04_P003205_B00G_A00_R1,563,HCT116,carcinoma,/,colon,/,,PXD005946,0,0,0,0
33734,1875,00442_H04_P003205_B00H_A00_R1,563,HCT116,carcinoma,/,colon,/,,PXD005946,0,0,0,0
33170,1875,000228_A07_P001356_B00A_A00_R1,564,K562,myeloid leukemia,/,blood,/,,PXD005946,0,0,0,0
33171,1875,000228_A08_P001356_B00I_A00_R1,564,K562,myeloid leukemia,/,blood,/,,PXD005946,0,0,0,0
33179,1875,000228_B07_P001356_B00B_A00_R1,564,K562,myeloid leukemia,/,blood,/,,PXD005946,0,0,0,0
33180,1875,000228_B08_P001356_B00J_A00_R1,564,K562,myeloid leukemia,/,blood,/,,PXD005946,0,0,0,0
33188,1875,000228_C07_P001356_B00C_A00_R1,564,K562,myeloid leukemia,/,blood,/,,PXD005946,0,0,0,0
33189,1875,000228_C08_P001356_B00K_A00_R1,564,K562,myeloid leukemia,/,blood,/,,PXD005946,0,0,0,0
33197,1875,000228_D07_P001356_B00D_A00_R1,564,K562,myeloid leukemia,/,blood,/,,PXD005946,0,0,0,0
33198,1875,000228_D08_P001356_B00L_A00_R1,564,K562,myeloid leukemia,/,blood,/,,PXD005946,0,0,0,0
33206,1875,000228_E07_P001356_B00E_A00_R1,564,K562,myeloid leukemia,/,blood,/,,PXD005946,0,0,0,0
33215,1875,000228_F07_P001356_B00F_A00_R1,564,K562,myeloid leukemia,/,blood,/,,PXD005946,0,0,0,0
33224,1875,000228_G07_P001356_B00G_A00_R1,564,K562,myeloid leukemia,/,blood,/,,PXD005946,0,0,0,0
33233,1875,000228_H07_P001356_B00H_A00_R1,564,K562,myeloid leukemia,/,blood,/,,PXD005946,0,0,0,0
33516,1875,00296_A05_P001906_B00I_A00_R2,566,A549,adenocarcinoma,/,lung,/,,PXD005946,0,0,0,0
33520,1875,00296_B04_P001906_B00B_A00_R2,566,A549,adenocarcinoma,/,lung,/,,PXD005946,0,0,0,0
33521,1875,00296_B05_P001906_B00J_A00_R2,566,A549,adenocarcinoma,/,lung,/,,PXD005946,0,0,0,0
33525,1875,00296_C04_P001906_B00C_A00_R2,566,A549,adenocarcinoma,/,lung,/,,PXD005946,0,0,0,0
33526,1875,00296_C05_P001906_B00K_A00_R2,566,A549,adenocarcinoma,/,lung,/,,PXD005946,0,0,0,0
33530,1875,00296_D04_P001906_B00D_A00_R2,566,A549,adenocarcinoma,/,lung,/,,PXD005946,0,0,0,0
33531,1875,00296_D05_P001906_B00L_A00_R2,566,A549,adenocarcinoma,/,lung,/,,PXD005946,0,0,0,0
33535,1875,00296_E04_P001906_B00E_A00_R2,566,A549,adenocarcinoma,/,lung,/,,PXD005946,0,0,0,0
33539,1875,00296_F04_P001906_B00F_A00_R2,566,A549,adenocarcinoma,/,lung,/,,PXD005946,0,0,0,0
33543,1875,00296_G04_P001906_B00G_A00_R2,566,A549,adenocarcinoma,/,lung,/,,PXD005946,0,0,0,0
33547,1875,00296_H04_P001906_B00H_A00_R2,566,A549,adenocarcinoma,/,lung,/,,PXD005946,0,0,0,0
33872,1875,00483_A01_P003487_B00A_A00_R2,567,PC3,carcinoma,/,prostate,/,,PXD005946,0,0,0,0
33873,1875,00483_A02_P003487_B00I_A00_R2,567,PC3,carcinoma,/,prostate,/,,PXD005946,0,0,0,0
33874,1875,00483_B01_P003487_B00B_A00_R2,567,PC3,carcinoma,/,prostate,/,,PXD005946,0,0,0,0
33875,1875,00483_B02_P003487_B00J_A00_R2,567,PC3,carcinoma,/,prostate,/,,PXD005946,0,0,0,0
33876,1875,00483_C01_P003487_B00C_A00_R2,567,PC3,carcinoma,/,prostate,/,,PXD005946,0,0,0,0
33877,1875,00483_C02_P003487_B00K_A00_R2,567,PC3,carcinoma,/,prostate,/,,PXD005946,0,0,0,0
33878,1875,00483_D01_P003487_B00D_A00_R1,567,PC3,carcinoma,/,prostate,/,,PXD005946,0,0,0,0
33879,1875,00483_D02_P003487_B00L_A00_R2,567,PC3,carcinoma,/,prostate,/,,PXD005946,0,0,0,0
33880,1875,00483_E01_P003487_B00E_A00_R2,567,PC3,carcinoma,/,prostate,/,,PXD005946,0,0,0,0
33881,1875,00483_F01_P003487_B00F_A00_R1,567,PC3,carcinoma,/,prostate,/,,PXD005946,0,0,0,0
33882,1875,00483_G01_P003487_B00G_A00_R2,567,PC3,carcinoma,/,prostate,/,,PXD005946,0,0,0,0
33883,1875,00483_H01_P003487_B00H_A00_R2,567,PC3,carcinoma,/,prostate,/,,PXD005946,0,0,0,0
33890,1875,00524_D04_P003820_B00D_A00_R1,567,PC3,carcinoma,/,prostate,/,,PXD005946,0,0,0,0
33891,1875,00524_D05_P003820_B00L_A00_R1,567,PC3,carcinoma,/,prostate,/,,PXD005946,0,0,0,0
33892,1875,00524_E04_P003820_B00E_A00_R1,567,PC3,carcinoma,/,prostate,/,,PXD005946,0,0,0,0
33513,1875,00296_A01_P001904_B00A_A00_R1,571,HL60,myeloid leukemia,/,blood,/,,PXD005946,0,0,0,0
33514,1875,00296_A02_P001904_B00I_A00_R1,571,HL60,myeloid leukemia,/,blood,/,,PXD005946,0,0,0,0
33517,1875,00296_B01_P001904_B00B_A00_R1,571,HL60,myeloid leukemia,/,blood,/,,PXD005946,0,0,0,0
33518,1875,00296_B02_P001904_B00J_A00_R1,571,HL60,myeloid leukemia,/,blood,/,,PXD005946,0,0,0,0
33522,1875,00296_C01_P001904_B00C_A00_R1,571,HL60,myeloid leukemia,/,blood,/,,PXD005946,0,0,0,0
33523,1875,00296_C02_P001904_B00K_A00_R1,571,HL60,myeloid leukemia,/,blood,/,,PXD005946,0,0,0,0
33527,1875,00296_D01_P001904_B00D_A00_R1,571,HL60,myeloid leukemia,/,blood,/,,PXD005946,0,0,0,0
33528,1875,00296_D02_P001904_B00L_A00_R1,571,HL60,myeloid leukemia,/,blood,/,,PXD005946,0,0,0,0
33532,1875,00296_E01_P001904_B00E_A00_R1,571,HL60,myeloid leukemia,/,blood,/,,PXD005946,0,0,0,0
33536,1875,00296_F01_P001904_B00F_A00_R1,571,HL60,myeloid leukemia,/,blood,/,,PXD005946,0,0,0,0
33540,1875,00296_G01_P001904_B00G_A00_R1,571,HL60,myeloid leukemia,/,blood,/,,PXD005946,0,0,0,0
33544,1875,00296_H01_P001904_B00H_A00_R1,571,HL60,myeloid leukemia,/,blood,/,,PXD005946,0,0,0,0
33238,1875,000234_A05_P001389_B00F_A00_R1,580,MDA-MB-231,adenocarcinoma,/,breast,/,,PXD005946,0,0,0,0
33246,1875,000234_B05_P001389_B00G_A00_R1,580,MDA-MB-231,adenocarcinoma,/,breast,/,,PXD005946,0,0,0,0
33254,1875,000234_C05_P001389_B00H_A00_R1,580,MDA-MB-231,adenocarcinoma,/,breast,/,,PXD005946,0,0,0,0
33261,1875,000234_D04_P001389_B00A_A00_R1,580,MDA-MB-231,adenocarcinoma,/,breast,/,,PXD005946,0,0,0,0
33262,1875,000234_D05_P001389_B00I_A00_R1,580,MDA-MB-231,adenocarcinoma,/,breast,/,,PXD005946,0,0,0,0
33268,1875,000234_E04_P001389_B00B_A00_R1,580,MDA-MB-231,adenocarcinoma,/,breast,/,,PXD005946,0,0,0,0
33269,1875,000234_E05_P001389_B00J_A00_R1,580,MDA-MB-231,adenocarcinoma,/,breast,/,,PXD005946,0,0,0,0
33275,1875,000234_F04_P001389_B00C_A00_R1,580,MDA-MB-231,adenocarcinoma,/,breast,/,,PXD005946,0,0,0,0
33276,1875,000234_F05_P001389_B00K_A00_R1,580,MDA-MB-231,adenocarcinoma,/,breast,/,,PXD005946,0,0,0,0
33282,1875,000234_G04_P001389_B00D_A00_R1,580,MDA-MB-231,adenocarcinoma,/,breast,/,,PXD005946,0,0,0,0
33283,1875,000234_G05_P001389_B00L_A00_R1,580,MDA-MB-231,adenocarcinoma,/,breast,/,,PXD005946,0,0,0,0
33290,1875,000234_H04_P001389_B00E_A00_R1,580,MDA-MB-231,adenocarcinoma,/,breast,/,,PXD005946,0,0,0,0
33421,1875,00261_A07_P001565_B00A_A00_R1,592,HT29,adenocarcinoma,/,colon,/,,PXD005946,0,0,0,0
33422,1875,00261_A08_P001565_B00I_A00_R1,592,HT29,adenocarcinoma,/,colon,/,,PXD005946,0,0,0,0
33427,1875,00261_B07_P001565_B00B_A00_R1,592,HT29,adenocarcinoma,/,colon,/,,PXD005946,0,0,0,0
33428,1875,00261_B08_P001565_B00J_A00_R1,592,HT29,adenocarcinoma,/,colon,/,,PXD005946,0,0,0,0
33433,1875,00261_C07_P001565_B00C_A00_R1,592,HT29,adenocarcinoma,/,colon,/,,PXD005946,0,0,0,0
33434,1875,00261_C08_P001565_B00K_A00_R1,592,HT29,adenocarcinoma,/,colon,/,,PXD005946,0,0,0,0
33439,1875,00261_D07_P001565_B00D_A00_R1,592,HT29,adenocarcinoma,/,colon,/,,PXD005946,0,0,0,0
33440,1875,00261_D08_P001565_B00L_A00_R1,592,HT29,adenocarcinoma,/,colon,/,,PXD005946,0,0,0,0
33446,1875,00261_E07_P001565_B00E_A00_R1,592,HT29,adenocarcinoma,/,colon,/,,PXD005946,0,0,0,0
33452,1875,00261_F07_P001565_B00F_A00_R1,592,HT29,adenocarcinoma,/,colon,/,,PXD005946,0,0,0,0
33458,1875,00261_G07_P001565_B00G_A00_R1,592,HT29,adenocarcinoma,/,colon,/,,PXD005946,0,0,0,0
33464,1875,00261_H07_P001565_B00H_A00_R1,592,HT29,adenocarcinoma,/,colon,/,,PXD005946,0,0,0,0
33335,1875,000287_A06_P001748_B00E_A00_R1,633,IGROV1,adenocarcinoma,/,ovary,/,,PXD005946,0,0,0,0
33338,1875,000287_B06_P001748_B00F_A00_R1,633,IGROV1,adenocarcinoma,/,ovary,/,,PXD005946,0,0,0,0
33341,1875,000287_C06_P001748_B00G_A00_R1,633,IGROV1,adenocarcinoma,/,ovary,/,,PXD005946,0,0,0,0
33344,1875,000287_D06_P001748_B00H_A00_R1,633,IGROV1,adenocarcinoma,/,ovary,/,,PXD005946,0,0,0,0
33346,1875,000287_E05_P001748_B00A_A00_R1,633,IGROV1,adenocarcinoma,/,ovary,/,,PXD005946,0,0,0,0
33347,1875,000287_E06_P001748_B00I_A00_R1,633,IGROV1,adenocarcinoma,/,ovary,/,,PXD005946,0,0,0,0
33349,1875,000287_F05_P001748_B00B_A00_R1,633,IGROV1,adenocarcinoma,/,ovary,/,,PXD005946,0,0,0,0
33350,1875,000287_F06_P001748_B00J_A00_R1,633,IGROV1,adenocarcinoma,/,ovary,/,,PXD005946,0,0,0,0
33352,1875,000287_G05_P001748_B00C_A00_R1,633,IGROV1,adenocarcinoma,/,ovary,/,,PXD005946,0,0,0,0
33353,1875,000287_G06_P001748_B00K_A00_R1,633,IGROV1,adenocarcinoma,/,ovary,/,,PXD005946,0,0,0,0
33355,1875,000287_H05_P001748_B00D_A00_R1,633,IGROV1,adenocarcinoma,/,ovary,/,,PXD005946,0,0,0,0
33356,1875,000287_H06_P001748_B00L_A00_R1,633,IGROV1,adenocarcinoma,/,ovary,/,,PXD005946,0,0,0,0
33164,1875,000228_A01_P001360_B00A_A00_R1,644,SK-MEL-28,melanoma,/,skin,/,,PXD005946,0,0,0,0
33165,1875,000228_A02_P001360_B00I_A00_R1,644,SK-MEL-28,melanoma,/,skin,/,,PXD005946,0,0,0,0
33173,1875,000228_B01_P001360_B00B_A00_R1,644,SK-MEL-28,melanoma,/,skin,/,,PXD005946,0,0,0,0
33174,1875,000228_B02_P001360_B00J_A00_R1,644,SK-MEL-28,melanoma,/,skin,/,,PXD005946,0,0,0,0
33182,1875,000228_C01_P001360_B00C_A00_R1,644,SK-MEL-28,melanoma,/,skin,/,,PXD005946,0,0,0,0
33183,1875,000228_C02_P001360_B00K_A00_R1,644,SK-MEL-28,melanoma,/,skin,/,,PXD005946,0,0,0,0
33191,1875,000228_D01_P001360_B00D_A00_R1,644,SK-MEL-28,melanoma,/,skin,/,,PXD005946,0,0,0,0
33192,1875,000228_D02_P001360_B00L_A00_R1,644,SK-MEL-28,melanoma,/,skin,/,,PXD005946,0,0,0,0
33200,1875,000228_E01_P001360_B00E_A00_R1,644,SK-MEL-28,melanoma,/,skin,/,,PXD005946,0,0,0,0
33209,1875,000228_F01_P001360_B00F_A00_R1,644,SK-MEL-28,melanoma,/,skin,/,,PXD005946,0,0,0,0
33218,1875,000228_G01_P001360_B00G_A00_R1,644,SK-MEL-28,melanoma,/,skin,/,,PXD005946,0,0,0,0
33227,1875,000228_H01_P001360_B00H_A00_R1,644,SK-MEL-28,melanoma,/,skin,/,,PXD005946,0,0,0,0
33166,1875,000228_A03_P001359_B00E_A00_R1,645,HOP62,adenocarcinoma,/,lung,/,,PXD005946,0,0,0,0
33175,1875,000228_B03_P001359_B00F_A00_R1,645,HOP62,adenocarcinoma,/,lung,/,,PXD005946,0,0,0,0
33184,1875,000228_C03_P001359_B00G_A00_R1,645,HOP62,adenocarcinoma,/,lung,/,,PXD005946,0,0,0,0
33193,1875,000228_D03_P001359_B00H_A00_R1,645,HOP62,adenocarcinoma,/,lung,/,,PXD005946,0,0,0,0
33201,1875,000228_E02_P001359_B00A_A00_R1,645,HOP62,adenocarcinoma,/,lung,/,,PXD005946,0,0,0,0
33202,1875,000228_E03_P001359_B00I_A00_R1,645,HOP62,adenocarcinoma,/,lung,/,,PXD005946,0,0,0,0
33210,1875,000228_F02_P001359_B00B_A00_R1,645,HOP62,adenocarcinoma,/,lung,/,,PXD005946,0,0,0,0
33211,1875,000228_F03_P001359_B00J_A00_R1,645,HOP62,adenocarcinoma,/,lung,/,,PXD005946,0,0,0,0
33219,1875,000228_G02_P001359_B00C_A00_R1,645,HOP62,adenocarcinoma,/,lung,/,,PXD005946,0,0,0,0
33220,1875,000228_G03_P001359_B00K_A00_R1,645,HOP62,adenocarcinoma,/,lung,/,,PXD005946,0,0,0,0
33228,1875,000228_H02_P001359_B00D_A00_R1,645,HOP62,adenocarcinoma,/,lung,/,,PXD005946,0,0,0,0
33229,1875,000228_H03_P001359_B00L_A00_R1,645,HOP62,adenocarcinoma,/,lung,/,,PXD005946,0,0,0,0
33167,1875,000228_A04_P001358_B00A_A00_R1,646,EKVX,adenocarcinoma,/,lung,/,,PXD005946,0,0,0,0
33168,1875,000228_A05_P001358_B00I_A00_R1,646,EKVX,adenocarcinoma,/,lung,/,,PXD005946,0,0,0,0
33176,1875,000228_B04_P001358_B00B_A00_R1,646,EKVX,adenocarcinoma,/,lung,/,,PXD005946,0,0,0,0
33177,1875,000228_B05_P001358_B00J_A00_R1,646,EKVX,adenocarcinoma,/,lung,/,,PXD005946,0,0,0,0
33185,1875,000228_C04_P001358_B00C_A00_R1,646,EKVX,adenocarcinoma,/,lung,/,,PXD005946,0,0,0,0
33186,1875,000228_C05_P001358_B00K_A00_R1,646,EKVX,adenocarcinoma,/,lung,/,,PXD005946,0,0,0,0
33194,1875,000228_D04_P001358_B00D_A00_R1,646,EKVX,adenocarcinoma,/,lung,/,,PXD005946,0,0,0,0
33195,1875,000228_D05_P001358_B00L_A00_R1,646,EKVX,adenocarcinoma,/,lung,/,,PXD005946,0,0,0,0
33203,1875,000228_E04_P001358_B00E_A00_R1,646,EKVX,adenocarcinoma,/,lung,/,,PXD005946,0,0,0,0
33212,1875,000228_F04_P001358_B00F_A00_R1,646,EKVX,adenocarcinoma,/,lung,/,,PXD005946,0,0,0,0
33221,1875,000228_G04_P001358_B00G_A00_R1,646,EKVX,adenocarcinoma,/,lung,/,,PXD005946,0,0,0,0
33230,1875,000228_H04_P001358_B00H_A00_R1,646,EKVX,adenocarcinoma,/,lung,/,,PXD005946,0,0,0,0
33169,1875,000228_A06_P001357_B00E_A00_R1,647,BT549,carcinoma,/,breast,/,,PXD005946,0,0,0,0
33178,1875,000228_B06_P001357_B00F_A00_R1,647,BT549,carcinoma,/,breast,/,,PXD005946,0,0,0,0
33187,1875,000228_C06_P001357_B00G_A00_R1,647,BT549,carcinoma,/,breast,/,,PXD005946,0,0,0,0
33196,1875,000228_D06_P001357_B00H_A00_R1,647,BT549,carcinoma,/,breast,/,,PXD005946,0,0,0,0
33204,1875,000228_E05_P001357_B00A_A00_R1,647,BT549,carcinoma,/,breast,/,,PXD005946,0,0,0,0
33205,1875,000228_E06_P001357_B00I_A00_R1,647,BT549,carcinoma,/,breast,/,,PXD005946,0,0,0,0
33213,1875,000228_F05_P001357_B00B_A00_R1,647,BT549,carcinoma,/,breast,/,,PXD005946,0,0,0,0
33214,1875,000228_F06_P001357_B00J_A00_R1,647,BT549,carcinoma,/,breast,/,,PXD005946,0,0,0,0
33222,1875,000228_G05_P001357_B00C_A00_R1,647,BT549,carcinoma,/,breast,/,,PXD005946,0,0,0,0
33223,1875,000228_G06_P001357_B00K_A00_R1,647,BT549,carcinoma,/,breast,/,,PXD005946,0,0,0,0
33231,1875,000228_H05_P001357_B00D_A00_R1,647,BT549,carcinoma,/,breast,/,,PXD005946,0,0,0,0
33232,1875,000228_H06_P001357_B00L_A00_R1,647,BT549,carcinoma,/,breast,/,,PXD005946,0,0,0,0
33172,1875,000228_A09_P001355_B00E_A00_R1,648,Hs-578T,carcinoma,/,breast,/,,PXD005946,0,0,0,0
33181,1875,000228_B09_P001355_B00F_A00_R1,648,Hs-578T,carcinoma,/,breast,/,,PXD005946,0,0,0,0
33190,1875,000228_C09_P001355_B00G_A00_R1,648,Hs-578T,carcinoma,/,breast,/,,PXD005946,0,0,0,0
33199,1875,000228_D09_P001355_B00H_A00_R1,648,Hs-578T,carcinoma,/,breast,/,,PXD005946,0,0,0,0
33207,1875,000228_E08_P001355_B00A_A00_R1,648,Hs-578T,carcinoma,/,breast,/,,PXD005946,0,0,0,0
33208,1875,000228_E09_P001355_B00I_A00_R1,648,Hs-578T,carcinoma,/,breast,/,,PXD005946,0,0,0,0
33216,1875,000228_F08_P001355_B00B_A00_R1,648,Hs-578T,carcinoma,/,breast,/,,PXD005946,0,0,0,0
33217,1875,000228_F09_P001355_B00J_A00_R1,648,Hs-578T,carcinoma,/,breast,/,,PXD005946,0,0,0,0
33225,1875,000228_G08_P001355_B00C_A00_R1,648,Hs-578T,carcinoma,/,breast,/,,PXD005946,0,0,0,0
33226,1875,000228_G09_P001355_B00K_A00_R1,648,Hs-578T,carcinoma,/,breast,/,,PXD005946,0,0,0,0
33234,1875,000228_H08_P001355_B00D_A00_R1,648,Hs-578T,carcinoma,/,breast,/,,PXD005946,0,0,0,0
33235,1875,000228_H09_P001355_B00L_A00_R1,648,Hs-578T,carcinoma,/,breast,/,,PXD005946,0,0,0,0
33236,1875,000234_A03_P001390_B00B_A00_R1,649,LOX-IMVI,melanoma,/,skin,/,,PXD005946,0,0,0,0
33237,1875,000234_A04_P001390_B00J_A00_R1,649,LOX-IMVI,melanoma,/,skin,/,,PXD005946,0,0,0,0
33244,1875,000234_B03_P001390_B00C_A00_R1,649,LOX-IMVI,melanoma,/,skin,/,,PXD005946,0,0,0,0
33245,1875,000234_B04_P001390_B00K_A00_R1,649,LOX-IMVI,melanoma,/,skin,/,,PXD005946,0,0,0,0
33252,1875,000234_C03_P001390_B00D_A00_R1,649,LOX-IMVI,melanoma,/,skin,/,,PXD005946,0,0,0,0
33253,1875,000234_C04_P001390_B00L_A00_R1,649,LOX-IMVI,melanoma,/,skin,/,,PXD005946,0,0,0,0
33260,1875,000234_D03_P001390_B00E_A00_R1,649,LOX-IMVI,melanoma,/,skin,/,,PXD005946,0,0,0,0
33267,1875,000234_E03_P001390_B00F_A00_R1,649,LOX-IMVI,melanoma,/,skin,/,,PXD005946,0,0,0,0
33274,1875,000234_F03_P001390_B00G_A00_R1,649,LOX-IMVI,melanoma,/,skin,/,,PXD005946,0,0,0,0
33281,1875,000234_G03_P001390_B00H_A00_R1,649,LOX-IMVI,melanoma,/,skin,/,,PXD005946,0,0,0,0
33288,1875,000234_H02_P001390_B00A_A00_R1,649,LOX-IMVI,melanoma,/,skin,/,,PXD005946,0,0,0,0
33289,1875,000234_H03_P001390_B00I_A00_R1,649,LOX-IMVI,melanoma,/,skin,/,,PXD005946,0,0,0,0
33239,1875,000234_A06_P001388_B00B_A00_R1,650,SR,lymphoma,/,blood,/,,PXD005946,0,0,0,0
33240,1875,000234_A07_P001388_B00J_A00_R1,650,SR,lymphoma,/,blood,/,,PXD005946,0,0,0,0
33247,1875,000234_B06_P001388_B00C_A00_R1,650,SR,lymphoma,/,blood,/,,PXD005946,0,0,0,0
33248,1875,000234_B07_P001388_B00K_A00_R1,650,SR,lymphoma,/,blood,/,,PXD005946,0,0,0,0
33255,1875,000234_C06_P001388_B00D_A00_R1,650,SR,lymphoma,/,blood,/,,PXD005946,0,0,0,0
33256,1875,000234_C07_P001388_B00L_A00_R1,650,SR,lymphoma,/,blood,/,,PXD005946,0,0,0,0
33263,1875,000234_D06_P001388_B00E_A00_R1,650,SR,lymphoma,/,blood,/,,PXD005946,0,0,0,0
33270,1875,000234_E06_P001388_B00F_A00_R1,650,SR,lymphoma,/,blood,/,,PXD005946,0,0,0,0
33277,1875,000234_F06_P001388_B00G_A00_R1,650,SR,lymphoma,/,blood,/,,PXD005946,0,0,0,0
33284,1875,000234_G06_P001388_B00H_A00_R1,650,SR,lymphoma,/,blood,/,,PXD005946,0,0,0,0
33291,1875,000234_H05_P001388_B00A_A00_R1,650,SR,lymphoma,/,blood,/,,PXD005946,0,0,0,0
33292,1875,000234_H06_P001388_B00I_A00_R1,650,SR,lymphoma,/,blood,/,,PXD005946,0,0,0,0
33477,1875,00287_A03_P001750_B00E_A00_R1,650,SR,lymphoma,/,blood,/,,PXD005946,0,0,0,0
33482,1875,00287_B03_P001750_B00F_A00_R1,650,SR,lymphoma,/,blood,/,,PXD005946,0,0,0,0
33487,1875,00287_C03_P001750_B00G_A00_R1,650,SR,lymphoma,/,blood,/,,PXD005946,0,0,0,0
33492,1875,00287_D03_P001750_B00H_A00_R1,650,SR,lymphoma,/,blood,/,,PXD005946,0,0,0,0
33497,1875,00287_E02_P001750_B00A_A00_R2,650,SR,lymphoma,/,blood,/,,PXD005946,0,0,0,0
33498,1875,00287_E03_P001750_B00I_A00_R1,650,SR,lymphoma,/,blood,/,,PXD005946,0,0,0,0
33501,1875,00287_F02_P001750_B00B_A00_R2,650,SR,lymphoma,/,blood,/,,PXD005946,0,0,0,0
33502,1875,00287_F03_P001750_B00J_A00_R1,650,SR,lymphoma,/,blood,/,,PXD005946,0,0,0,0
33505,1875,00287_G02_P001750_B00C_A00_R1,650,SR,lymphoma,/,blood,/,,PXD005946,0,0,0,0
33506,1875,00287_G03_P001750_B00K_A00_R1,650,SR,lymphoma,/,blood,/,,PXD005946,0,0,0,0
33509,1875,00287_H02_P001750_B00D_A00_R1,650,SR,lymphoma,/,blood,/,,PXD005946,0,0,0,0
33510,1875,00287_H03_P001750_B00L_A00_R1,650,SR,lymphoma,/,blood,/,,PXD005946,0,0,0,0
33241,1875,000234_A08_P001387_B00F_A00_R1,651,MDA-MB-435,melanoma,/,skin,/,,PXD005946,0,0,0,0
33249,1875,000234_B08_P001387_B00G_A00_R1,651,MDA-MB-435,melanoma,/,skin,/,,PXD005946,0,0,0,0
33257,1875,000234_C08_P001387_B00H_A00_R1,651,MDA-MB-435,melanoma,/,skin,/,,PXD005946,0,0,0,0
33264,1875,000234_D07_P001387_B00A_A00_R1,651,MDA-MB-435,melanoma,/,skin,/,,PXD005946,0,0,0,0
33265,1875,000234_D08_P001387_B00I_A00_R1,651,MDA-MB-435,melanoma,/,skin,/,,PXD005946,0,0,0,0
33271,1875,000234_E07_P001387_B00B_A00_R1,651,MDA-MB-435,melanoma,/,skin,/,,PXD005946,0,0,0,0
33272,1875,000234_E08_P001387_B00J_A00_R1,651,MDA-MB-435,melanoma,/,skin,/,,PXD005946,0,0,0,0
33278,1875,000234_F07_P001387_B00C_A00_R1,651,MDA-MB-435,melanoma,/,skin,/,,PXD005946,0,0,0,0
33279,1875,000234_F08_P001387_B00K_A00_R1,651,MDA-MB-435,melanoma,/,skin,/,,PXD005946,0,0,0,0
33285,1875,000234_G07_P001387_B00D_A00_R1,651,MDA-MB-435,melanoma,/,skin,/,,PXD005946,0,0,0,0
33286,1875,000234_G08_P001387_B00L_A00_R1,651,MDA-MB-435,melanoma,/,skin,/,,PXD005946,0,0,0,0
33293,1875,000234_H07_P001387_B00E_A00_R1,651,MDA-MB-435,melanoma,/,skin,/,,PXD005946,0,0,0,0
33242,1875,000234_A09_P001386_B00B_A00_R1,652,T47D,carcinoma,/,breast,/,,PXD005946,0,0,0,0
33243,1875,000234_A10_P001386_B00J_A00_R1,652,T47D,carcinoma,/,breast,/,,PXD005946,0,0,0,0
33250,1875,000234_B09_P001386_B00C_A00_R1,652,T47D,carcinoma,/,breast,/,,PXD005946,0,0,0,0
33251,1875,000234_B10_P001386_B00K_A00_R1,652,T47D,carcinoma,/,breast,/,,PXD005946,0,0,0,0
33258,1875,000234_C09_P001386_B00D_A00_R1,652,T47D,carcinoma,/,breast,/,,PXD005946,0,0,0,0
33259,1875,000234_C10_P001386_B00L_A00_R1,652,T47D,carcinoma,/,breast,/,,PXD005946,0,0,0,0
33266,1875,000234_D09_P001386_B00E_A00_R1,652,T47D,carcinoma,/,breast,/,,PXD005946,0,0,0,0
33273,1875,000234_E09_P001386_B00F_A00_R1,652,T47D,carcinoma,/,breast,/,,PXD005946,0,0,0,0
33280,1875,000234_F09_P001386_B00G_A00_R1,652,T47D,carcinoma,/,breast,/,,PXD005946,0,0,0,0
33287,1875,000234_G09_P001386_B00H_A00_R1,652,T47D,carcinoma,/,breast,/,,PXD005946,0,0,0,0
33294,1875,000234_H08_P001386_B00A_A00_R1,652,T47D,carcinoma,/,breast,/,,PXD005946,0,0,0,0
33295,1875,000234_H09_P001386_B00I_A00_R1,652,T47D,carcinoma,/,breast,/,,PXD005946,0,0,0,0
33296,1875,000256_A04_P0001568_A00_B00A_R1,653,HCC2998,adenocarcinoma,/,colon,/,,PXD005946,0,0,0,0
33297,1875,000256_A05_P0001568_A00_B00I_R1,653,HCC2998,adenocarcinoma,/,colon,/,,PXD005946,0,0,0,0
33298,1875,000256_B04_P0001568_A00_B00B_R1,653,HCC2998,adenocarcinoma,/,colon,/,,PXD005946,0,0,0,0
33299,1875,000256_B05_P0001568_A00_B00J_R1,653,HCC2998,adenocarcinoma,/,colon,/,,PXD005946,0,0,0,0
33300,1875,000256_C04_P0001568_A00_B00C_R1,653,HCC2998,adenocarcinoma,/,colon,/,,PXD005946,0,0,0,0
33301,1875,000256_C05_P0001568_A00_B00K_R1,653,HCC2998,adenocarcinoma,/,colon,/,,PXD005946,0,0,0,0
33302,1875,000256_D04_P0001568_A00_B00D_R1,653,HCC2998,adenocarcinoma,/,colon,/,,PXD005946,0,0,0,0
33303,1875,000256_D05_P0001568_A00_B00L_R1,653,HCC2998,adenocarcinoma,/,colon,/,,PXD005946,0,0,0,0
33304,1875,000256_E04_P0001568_A00_B00E_R1,653,HCC2998,adenocarcinoma,/,colon,/,,PXD005946,0,0,0,0
33305,1875,000256_F04_P0001568_A00_B00F_R1,653,HCC2998,adenocarcinoma,/,colon,/,,PXD005946,0,0,0,0
33306,1875,000256_G04_P0001568_A00_B00G_R1,653,HCC2998,adenocarcinoma,/,colon,/,,PXD005946,0,0,0,0
33307,1875,000256_H04_P0001568_A00_B00H_R1,653,HCC2998,adenocarcinoma,/,colon,/,,PXD005946,0,0,0,0
33308,1875,000261_A04_P0001563_A00_B00A_R1,654,NCI-H522,adenocarcinoma,/,lung,/,,PXD005946,0,0,0,0
33309,1875,000261_A05_P0001563_A00_B00I_R1,654,NCI-H522,adenocarcinoma,/,lung,/,,PXD005946,0,0,0,0
33310,1875,000261_B04_P0001563_A00_B00B_R1,654,NCI-H522,adenocarcinoma,/,lung,/,,PXD005946,0,0,0,0
33311,1875,000261_B05_P0001563_A00_B00J_R1,654,NCI-H522,adenocarcinoma,/,lung,/,,PXD005946,0,0,0,0
33312,1875,000261_C04_P0001563_A00_B00C_R1,654,NCI-H522,adenocarcinoma,/,lung,/,,PXD005946,0,0,0,0
33313,1875,000261_C05_P0001563_A00_B00K_R1,654,NCI-H522,adenocarcinoma,/,lung,/,,PXD005946,0,0,0,0
33314,1875,000261_D04_P0001563_A00_B00D_R1,654,NCI-H522,adenocarcinoma,/,lung,/,,PXD005946,0,0,0,0
33315,1875,000261_D05_P0001563_A00_B00L_R1,654,NCI-H522,adenocarcinoma,/,lung,/,,PXD005946,0,0,0,0
33316,1875,000261_E04_P0001563_A00_B00E_R1,654,NCI-H522,adenocarcinoma,/,lung,/,,PXD005946,0,0,0,0
33317,1875,000261_F04_P0001563_A00_B00F_R1,654,NCI-H522,adenocarcinoma,/,lung,/,,PXD005946,0,0,0,0
33318,1875,000261_G04_P0001563_A00_B00G_R1,654,NCI-H522,adenocarcinoma,/,lung,/,,PXD005946,0,0,0,0
33319,1875,000261_H04_P0001563_A00_B00H_R1,654,NCI-H522,adenocarcinoma,/,lung,/,,PXD005946,0,0,0,0
33320,1875,000279_A04_P001744_A00_B00A_R1,655,SKOV3,cystadenocarcinoma,/,ovary,/,,PXD005946,0,0,0,0
33321,1875,000279_A05_P001744_A00_B00I_R1,655,SKOV3,cystadenocarcinoma,/,ovary,/,,PXD005946,0,0,0,0
33322,1875,000279_B04_P001744_A00_B00B_R2,655,SKOV3,cystadenocarcinoma,/,ovary,/,,PXD005946,0,0,0,0
33323,1875,000279_B05_P001744_A00_B00J_R1,655,SKOV3,cystadenocarcinoma,/,ovary,/,,PXD005946,0,0,0,0
33324,1875,000279_C04_P001744_A00_B00C_R1,655,SKOV3,cystadenocarcinoma,/,ovary,/,,PXD005946,0,0,0,0
33325,1875,000279_C05_P001744_A00_B00K_R1,655,SKOV3,cystadenocarcinoma,/,ovary,/,,PXD005946,0,0,0,0
33326,1875,000279_D04_P001744_A00_B00D_R1,655,SKOV3,cystadenocarcinoma,/,ovary,/,,PXD005946,0,0,0,0
33327,1875,000279_D05_P001744_A00_B00L_R1,655,SKOV3,cystadenocarcinoma,/,ovary,/,,PXD005946,0,0,0,0
33328,1875,000279_E04_P001744_A00_B00E_R1,655,SKOV3,cystadenocarcinoma,/,ovary,/,,PXD005946,0,0,0,0
33329,1875,000279_F04_P001744_A00_B00F_R1,655,SKOV3,cystadenocarcinoma,/,ovary,/,,PXD005946,0,0,0,0
33330,1875,000279_G04_P001744_A00_B00G_R1,655,SKOV3,cystadenocarcinoma,/,ovary,/,,PXD005946,0,0,0,0
33331,1875,000279_H04_P001744_A00_B00H_R1,655,SKOV3,cystadenocarcinoma,/,ovary,/,,PXD005946,0,0,0,0
33332,1875,000287_A01_P0001751_A00_B00A_R1,656,SN-12C,carcinoma,/,kidney,/,,PXD005946,0,0,0,0
33333,1875,000287_A01_P0001751_A00_B00A_R2,656,SN-12C,carcinoma,/,kidney,/,,PXD005946,0,0,0,0
33334,1875,000287_A02_P0001751_A00_B00I_R1,656,SN-12C,carcinoma,/,kidney,/,,PXD005946,0,0,0,0
33336,1875,000287_B01_P0001751_A00_B00B_R1,656,SN-12C,carcinoma,/,kidney,/,,PXD005946,0,0,0,0
33337,1875,000287_B02_P0001751_A00_B00J_R1,656,SN-12C,carcinoma,/,kidney,/,,PXD005946,0,0,0,0
33339,1875,000287_C01_P0001751_A00_B00C_R1,656,SN-12C,carcinoma,/,kidney,/,,PXD005946,0,0,0,0
33340,1875,000287_C02_P0001751_A00_B00K_R1,656,SN-12C,carcinoma,/,kidney,/,,PXD005946,0,0,0,0
33342,1875,000287_D01_P0001751_A00_B00D_R1,656,SN-12C,carcinoma,/,kidney,/,,PXD005946,0,0,0,0
33343,1875,000287_D02_P0001751_A00_B00L_R1,656,SN-12C,carcinoma,/,kidney,/,,PXD005946,0,0,0,0
33345,1875,000287_E01_P0001751_A00_B00E_R1,656,SN-12C,carcinoma,/,kidney,/,,PXD005946,0,0,0,0
33348,1875,000287_F01_P0001751_A00_B00F_R1,656,SN-12C,carcinoma,/,kidney,/,,PXD005946,0,0,0,0
33351,1875,000287_G01_P0001751_A00_B00G_R1,656,SN-12C,carcinoma,/,kidney,/,,PXD005946,0,0,0,0
33354,1875,000287_H01_P0001751_A00_B00H_R1,656,SN-12C,carcinoma,/,kidney,/,,PXD005946,0,0,0,0
33357,1875,000297_A07_P001892_A00_B00A_R1,657,Colo-205,adenocarcinoma,/,colon,/,,PXD005946,0,0,0,0
33358,1875,000297_A08_P001892_A00_B00I_R1,657,Colo-205,adenocarcinoma,/,colon,/,,PXD005946,0,0,0,0
33359,1875,000297_B07_P001892_A00_B00B_R1,657,Colo-205,adenocarcinoma,/,colon,/,,PXD005946,0,0,0,0
33360,1875,000297_B08_P001892_A00_B00J_R1,657,Colo-205,adenocarcinoma,/,colon,/,,PXD005946,0,0,0,0
33361,1875,000297_C07_P001892_A00_B00C_R1,657,Colo-205,adenocarcinoma,/,colon,/,,PXD005946,0,0,0,0
33362,1875,000297_C08_P001892_A00_B00K_R1,657,Colo-205,adenocarcinoma,/,colon,/,,PXD005946,0,0,0,0
33363,1875,000297_D07_P001892_A00_B00D_R1,657,Colo-205,adenocarcinoma,/,colon,/,,PXD005946,0,0,0,0
33364,1875,000297_D08_P001892_A00_B00L_R1,657,Colo-205,adenocarcinoma,/,colon,/,,PXD005946,0,0,0,0
33365,1875,000297_E07_P001892_A00_B00E_R1,657,Colo-205,adenocarcinoma,/,colon,/,,PXD005946,0,0,0,0
33366,1875,000297_F07_P001892_A00_B00F_R1,657,Colo-205,adenocarcinoma,/,colon,/,,PXD005946,0,0,0,0
33367,1875,000297_G07_P001892_A00_B00G_R1,657,Colo-205,adenocarcinoma,/,colon,/,,PXD005946,0,0,0,0
33368,1875,000297_H07_P001892_A00_B00H_R1,657,Colo-205,adenocarcinoma,/,colon,/,,PXD005946,0,0,0,0
33884,1875,00524_A04_P003820_B00A_A00_R1,657,Colo-205,adenocarcinoma,/,colon,/,,PXD005946,0,0,0,0
33885,1875,00524_A05_P003820_B00I_A00_R1,657,Colo-205,adenocarcinoma,/,colon,/,,PXD005946,0,0,0,0
33886,1875,00524_B04_P003820_B00B_A00_R1,657,Colo-205,adenocarcinoma,/,colon,/,,PXD005946,0,0,0,0
33369,1875,00256_A01_P001570_B00A_A00_R1,658,SK-MEL-5,melanoma,/,skin,/,,PXD005946,0,0,0,0
33370,1875,00256_A02_P001570_B00I_A00_R1,658,SK-MEL-5,melanoma,/,skin,/,,PXD005946,0,0,0,0
33375,1875,00256_B01_P001570_B00B_A00_R1,658,SK-MEL-5,melanoma,/,skin,/,,PXD005946,0,0,0,0
33376,1875,00256_B02_P001570_B00J_A00_R1,658,SK-MEL-5,melanoma,/,skin,/,,PXD005946,0,0,0,0
33381,1875,00256_C01_P001570_B00C_A00_R1,658,SK-MEL-5,melanoma,/,skin,/,,PXD005946,0,0,0,0
33382,1875,00256_C02_P001570_B00K_A00_R1,658,SK-MEL-5,melanoma,/,skin,/,,PXD005946,0,0,0,0
33387,1875,00256_D01_P001570_B00D_A00_R1,658,SK-MEL-5,melanoma,/,skin,/,,PXD005946,0,0,0,0
33388,1875,00256_D02_P001570_B00L_A00_R1,658,SK-MEL-5,melanoma,/,skin,/,,PXD005946,0,0,0,0
33393,1875,00256_E01_P001570_B00E_A00_R1,658,SK-MEL-5,melanoma,/,skin,/,,PXD005946,0,0,0,0
33399,1875,00256_F01_P001570_B00F_A00_R1,658,SK-MEL-5,melanoma,/,skin,/,,PXD005946,0,0,0,0
33405,1875,00256_G01_P001570_B00G_A00_R1,658,SK-MEL-5,melanoma,/,skin,/,,PXD005946,0,0,0,0
33411,1875,00256_H01_P001570_B00H_A00_R1,658,SK-MEL-5,melanoma,/,skin,/,,PXD005946,0,0,0,0
33371,1875,00256_A03_P001569_B00E_A00_R1,659,U251,astrocytoma,/,brain,/,,PXD005946,0,0,0,0
33377,1875,00256_B03_P001569_B00F_A00_R1,659,U251,astrocytoma,/,brain,/,,PXD005946,0,0,0,0
33383,1875,00256_C03_P001569_B00G_A00_R1,659,U251,astrocytoma,/,brain,/,,PXD005946,0,0,0,0
33389,1875,00256_D03_P001569_B00H_A00_R1,659,U251,astrocytoma,/,brain,/,,PXD005946,0,0,0,0
33394,1875,00256_E02_P001569_B00A_A00_R2,659,U251,astrocytoma,/,brain,/,,PXD005946,0,0,0,0
33395,1875,00256_E03_P001569_B00I_A00_R1,659,U251,astrocytoma,/,brain,/,,PXD005946,0,0,0,0
33400,1875,00256_F02_P001569_B00B_A00_R2,659,U251,astrocytoma,/,brain,/,,PXD005946,0,0,0,0
33401,1875,00256_F03_P001569_B00J_A00_R1,659,U251,astrocytoma,/,brain,/,,PXD005946,0,0,0,0
33406,1875,00256_G02_P001569_B00C_A00_R1,659,U251,astrocytoma,/,brain,/,,PXD005946,0,0,0,0
33407,1875,00256_G03_P001569_B00K_A00_R1,659,U251,astrocytoma,/,brain,/,,PXD005946,0,0,0,0
33412,1875,00256_H02_P001569_B00D_A00_R1,659,U251,astrocytoma,/,brain,/,,PXD005946,0,0,0,0
33413,1875,00256_H03_P001569_B00L_A00_R1,659,U251,astrocytoma,/,brain,/,,PXD005946,0,0,0,0
33372,1875,00256_A06_P001567_B00E_A00_R1,660,RXF-393,carcinoma,/,kidney,/,,PXD005946,0,0,0,0
33378,1875,00256_B06_P001567_B00F_A00_R1,660,RXF-393,carcinoma,/,kidney,/,,PXD005946,0,0,0,0
33384,1875,00256_C06_P001567_B00G_A00_R1,660,RXF-393,carcinoma,/,kidney,/,,PXD005946,0,0,0,0
33390,1875,00256_D06_P001567_B00H_A00_R1,660,RXF-393,carcinoma,/,kidney,/,,PXD005946,0,0,0,0
33396,1875,00256_E05_P001567_B00A_A00_R2,660,RXF-393,carcinoma,/,kidney,/,,PXD005946,0,0,0,0
33397,1875,00256_E06_P001567_B00I_A00_R1,660,RXF-393,carcinoma,/,kidney,/,,PXD005946,0,0,0,0
33402,1875,00256_F05_P001567_B00B_A00_R2,660,RXF-393,carcinoma,/,kidney,/,,PXD005946,0,0,0,0
33403,1875,00256_F06_P001567_B00J_A00_R1,660,RXF-393,carcinoma,/,kidney,/,,PXD005946,0,0,0,0
33408,1875,00256_G05_P001567_B00C_A00_R1,660,RXF-393,carcinoma,/,kidney,/,,PXD005946,0,0,0,0
33409,1875,00256_G06_P001567_B00K_A00_R1,660,RXF-393,carcinoma,/,kidney,/,,PXD005946,0,0,0,0
33414,1875,00256_H05_P001567_B00D_A00_R1,660,RXF-393,carcinoma,/,kidney,/,,PXD005946,0,0,0,0
33415,1875,00256_H06_P001567_B00L_A00_R1,660,RXF-393,carcinoma,/,kidney,/,,PXD005946,0,0,0,0
33887,1875,00524_B05_P003820_B00J_A00_R1,660,RXF-393,carcinoma,/,kidney,/,,PXD005946,0,0,0,0
33888,1875,00524_C04_P003820_B00C_A00_R1,660,RXF-393,carcinoma,/,kidney,/,,PXD005946,0,0,0,0
33889,1875,00524_C05_P003820_B00K_A00_R1,660,RXF-393,carcinoma,/,kidney,/,,PXD005946,0,0,0,0
33373,1875,00256_A07_P001566_B00A_A00_R1,661,NCI-H226,mesothelioma,/,epithelium,/,,PXD005946,0,0,0,0
33374,1875,00256_A08_P001566_B00I_A00_R1,661,NCI-H226,mesothelioma,/,epithelium,/,,PXD005946,0,0,0,0
33379,1875,00256_B07_P001566_B00B_A00_R1,661,NCI-H226,mesothelioma,/,epithelium,/,,PXD005946,0,0,0,0
33380,1875,00256_B08_P001566_B00J_A00_R1,661,NCI-H226,mesothelioma,/,epithelium,/,,PXD005946,0,0,0,0
33385,1875,00256_C07_P001566_B00C_A00_R1,661,NCI-H226,mesothelioma,/,epithelium,/,,PXD005946,0,0,0,0
33386,1875,00256_C08_P001566_B00K_A00_R1,661,NCI-H226,mesothelioma,/,epithelium,/,,PXD005946,0,0,0,0
33391,1875,00256_D07_P001566_B00D_A00_R1,661,NCI-H226,mesothelioma,/,epithelium,/,,PXD005946,0,0,0,0
33392,1875,00256_D08_P001566_B00L_A00_R1,661,NCI-H226,mesothelioma,/,epithelium,/,,PXD005946,0,0,0,0
33398,1875,00256_E07_P001566_B00E_A00_R1,661,NCI-H226,mesothelioma,/,epithelium,/,,PXD005946,0,0,0,0
33404,1875,00256_F07_P001566_B00F_A00_R1,661,NCI-H226,mesothelioma,/,epithelium,/,,PXD005946,0,0,0,0
33410,1875,00256_G07_P001566_B00G_A00_R1,661,NCI-H226,mesothelioma,/,epithelium,/,,PXD005946,0,0,0,0
33416,1875,00256_H07_P001566_B00H_A00_R1,661,NCI-H226,mesothelioma,/,epithelium,/,,PXD005946,0,0,0,0
33417,1875,00261_A01_P001561_B00A_A00_R1,662,SNB75,glioblastoma,/,brain,/,,PXD005946,0,0,0,0
33418,1875,00261_A02_P001561_B00I_A00_R1,662,SNB75,glioblastoma,/,brain,/,,PXD005946,0,0,0,0
33423,1875,00261_B01_P001561_B00B_A00_R1,662,SNB75,glioblastoma,/,brain,/,,PXD005946,0,0,0,0
33424,1875,00261_B02_P001561_B00J_A00_R1,662,SNB75,glioblastoma,/,brain,/,,PXD005946,0,0,0,0
33429,1875,00261_C01_P001561_B00C_A00_R1,662,SNB75,glioblastoma,/,brain,/,,PXD005946,0,0,0,0
33430,1875,00261_C02_P001561_B00K_A00_R1,662,SNB75,glioblastoma,/,brain,/,,PXD005946,0,0,0,0
33435,1875,00261_D01_P001561_B00D_A00_R1,662,SNB75,glioblastoma,/,brain,/,,PXD005946,0,0,0,0
33436,1875,00261_D02_P001561_B00L_A00_R1,662,SNB75,glioblastoma,/,brain,/,,PXD005946,0,0,0,0
33441,1875,00261_E01_P001561_B00E_A00_R1,662,SNB75,glioblastoma,/,brain,/,,PXD005946,0,0,0,0
33447,1875,00261_F01_P001561_B00F_A00_R1,662,SNB75,glioblastoma,/,brain,/,,PXD005946,0,0,0,0
33453,1875,00261_G01_P001561_B00G_A00_R1,662,SNB75,glioblastoma,/,brain,/,,PXD005946,0,0,0,0
33459,1875,00261_H01_P001561_B00H_A00_R1,662,SNB75,glioblastoma,/,brain,/,,PXD005946,0,0,0,0
33419,1875,00261_A03_P001562_B00E_A00_R1,663,M14,melanoma,/,skin,/,,PXD005946,0,0,0,0
33425,1875,00261_B03_P001562_B00F_A00_R1,663,M14,melanoma,/,skin,/,,PXD005946,0,0,0,0
33431,1875,00261_C03_P001562_B00G_A00_R1,663,M14,melanoma,/,skin,/,,PXD005946,0,0,0,0
33437,1875,00261_D03_P001562_B00H_A00_R1,663,M14,melanoma,/,skin,/,,PXD005946,0,0,0,0
33442,1875,00261_E02_P001562_B00A_A00_R1,663,M14,melanoma,/,skin,/,,PXD005946,0,0,0,0
33443,1875,00261_E03_P001562_B00I_A00_R1,663,M14,melanoma,/,skin,/,,PXD005946,0,0,0,0
33448,1875,00261_F02_P001562_B00B_A00_R1,663,M14,melanoma,/,skin,/,,PXD005946,0,0,0,0
33449,1875,00261_F03_P001562_B00J_A00_R1,663,M14,melanoma,/,skin,/,,PXD005946,0,0,0,0
33454,1875,00261_G02_P001562_B00C_A00_R1,663,M14,melanoma,/,skin,/,,PXD005946,0,0,0,0
33455,1875,00261_G03_P001562_B00K_A00_R1,663,M14,melanoma,/,skin,/,,PXD005946,0,0,0,0
33460,1875,00261_H02_P001562_B00D_A00_R1,663,M14,melanoma,/,skin,/,,PXD005946,0,0,0,0
33461,1875,00261_H03_P001562_B00L_A00_R1,663,M14,melanoma,/,skin,/,,PXD005946,0,0,0,0
33420,1875,00261_A06_P001564_B00E_A00_R1,664,OVCAR-8,adenocarcinoma,/,ovary,MCF-7/ADR,,PXD005946,0,0,0,0
33426,1875,00261_B06_P001564_B00F_A00_R1,664,OVCAR-8,adenocarcinoma,/,ovary,MCF-7/ADR,,PXD005946,0,0,0,0
33432,1875,00261_C06_P001564_B00G_A00_R1,664,OVCAR-8,adenocarcinoma,/,ovary,MCF-7/ADR,,PXD005946,0,0,0,0
33438,1875,00261_D06_P001564_B00H_A00_R1,664,OVCAR-8,adenocarcinoma,/,ovary,MCF-7/ADR,,PXD005946,0,0,0,0
33444,1875,00261_E05_P001564_B00A_A00_R1,664,OVCAR-8,adenocarcinoma,/,ovary,MCF-7/ADR,,PXD005946,0,0,0,0
33445,1875,00261_E06_P001564_B00I_A00_R1,664,OVCAR-8,adenocarcinoma,/,ovary,MCF-7/ADR,,PXD005946,0,0,0,0
33450,1875,00261_F05_P001564_B00B_A00_R1,664,OVCAR-8,adenocarcinoma,/,ovary,MCF-7/ADR,,PXD005946,0,0,0,0
33451,1875,00261_F06_P001564_B00J_A00_R1,664,OVCAR-8,adenocarcinoma,/,ovary,MCF-7/ADR,,PXD005946,0,0,0,0
33456,1875,00261_G05_P001564_B00C_A00_R1,664,OVCAR-8,adenocarcinoma,/,ovary,MCF-7/ADR,,PXD005946,0,0,0,0
33457,1875,00261_G06_P001564_B00K_A00_R1,664,OVCAR-8,adenocarcinoma,/,ovary,MCF-7/ADR,,PXD005946,0,0,0,0
33462,1875,00261_H05_P001564_B00D_A00_R1,664,OVCAR-8,adenocarcinoma,/,ovary,MCF-7/ADR,,PXD005946,0,0,0,0
33463,1875,00261_H06_P001564_B00L_A00_R1,664,OVCAR-8,adenocarcinoma,/,ovary,MCF-7/ADR,,PXD005946,0,0,0,0
33465,1875,00279_A03_P001745_B00E_A00_R1,665,DU145,carcinoma,/,prostate,/,,PXD005946,0,0,0,0
33466,1875,00279_B03_P001745_B00F_A00_R1,665,DU145,carcinoma,/,prostate,/,,PXD005946,0,0,0,0
33467,1875,00279_C03_P001745_B00G_A00_R1,665,DU145,carcinoma,/,prostate,/,,PXD005946,0,0,0,0
33468,1875,00279_D03_P001745_B00H_A00_R1,665,DU145,carcinoma,/,prostate,/,,PXD005946,0,0,0,0
33469,1875,00279_E02_P001745_B00A_A00_R1,665,DU145,carcinoma,/,prostate,/,,PXD005946,0,0,0,0
33470,1875,00279_E03_P001745_B00I_A00_R1,665,DU145,carcinoma,/,prostate,/,,PXD005946,0,0,0,0
33471,1875,00279_F02_P001745_B00B_A00_R1,665,DU145,carcinoma,/,prostate,/,,PXD005946,0,0,0,0
33472,1875,00279_F03_P001745_B00J_A00_R1,665,DU145,carcinoma,/,prostate,/,,PXD005946,0,0,0,0
33473,1875,00279_G02_P001745_B00C_A00_R1,665,DU145,carcinoma,/,prostate,/,,PXD005946,0,0,0,0
33474,1875,00279_G03_P001745_B00K_A00_R1,665,DU145,carcinoma,/,prostate,/,,PXD005946,0,0,0,0
33475,1875,00279_H02_P001745_B00D_A00_R1,665,DU145,carcinoma,/,prostate,/,,PXD005946,0,0,0,0
33476,1875,00279_H03_P001745_B00L_A00_R1,665,DU145,carcinoma,/,prostate,/,,PXD005946,0,0,0,0
33478,1875,00287_A04_P001749_B00A_A00_R1,666,SK-MEL-2,melanoma,/,skin,/,,PXD005946,0,0,0,0
33479,1875,00287_A05_P001749_B00I_A00_R1,666,SK-MEL-2,melanoma,/,skin,/,,PXD005946,0,0,0,0
33483,1875,00287_B04_P001749_B00B_A00_R1,666,SK-MEL-2,melanoma,/,skin,/,,PXD005946,0,0,0,0
33484,1875,00287_B05_P001749_B00J_A00_R1,666,SK-MEL-2,melanoma,/,skin,/,,PXD005946,0,0,0,0
33488,1875,00287_C04_P001749_B00C_A00_R1,666,SK-MEL-2,melanoma,/,skin,/,,PXD005946,0,0,0,0
33489,1875,00287_C05_P001749_B00K_A00_R1,666,SK-MEL-2,melanoma,/,skin,/,,PXD005946,0,0,0,0
33493,1875,00287_D04_P001749_B00D_A00_R1,666,SK-MEL-2,melanoma,/,skin,/,,PXD005946,0,0,0,0
33494,1875,00287_D05_P001749_B00L_A00_R1,666,SK-MEL-2,melanoma,/,skin,/,,PXD005946,0,0,0,0
33499,1875,00287_E04_P001749_B00E_A00_R1,666,SK-MEL-2,melanoma,/,skin,/,,PXD005946,0,0,0,0
33503,1875,00287_F04_P001749_B00F_A00_R1,666,SK-MEL-2,melanoma,/,skin,/,,PXD005946,0,0,0,0
33507,1875,00287_G04_P001749_B00G_A00_R1,666,SK-MEL-2,melanoma,/,skin,/,,PXD005946,0,0,0,0
33511,1875,00287_H04_P001749_B00H_A00_R1,666,SK-MEL-2,melanoma,/,skin,/,,PXD005946,0,0,0,0
33480,1875,00287_A07_P001747_B00A_A00_R1,667,OVCAR-3,adenocarcinoma,/,ovary,/,,PXD005946,0,0,0,0
33481,1875,00287_A08_P001747_B00I_A00_R1,667,OVCAR-3,adenocarcinoma,/,ovary,/,,PXD005946,0,0,0,0
33485,1875,00287_B07_P001747_B00B_A00_R1,667,OVCAR-3,adenocarcinoma,/,ovary,/,,PXD005946,0,0,0,0
33486,1875,00287_B08_P001747_B00J_A00_R1,667,OVCAR-3,adenocarcinoma,/,ovary,/,,PXD005946,0,0,0,0
33490,1875,00287_C07_P001747_B00C_A00_R1,667,OVCAR-3,adenocarcinoma,/,ovary,/,,PXD005946,0,0,0,0
33491,1875,00287_C08_P001747_B00K_A00_R1,667,OVCAR-3,adenocarcinoma,/,ovary,/,,PXD005946,0,0,0,0
33495,1875,00287_D07_P001747_B00D_A00_R1,667,OVCAR-3,adenocarcinoma,/,ovary,/,,PXD005946,0,0,0,0
33496,1875,00287_D08_P001747_B00L_A00_R1,667,OVCAR-3,adenocarcinoma,/,ovary,/,,PXD005946,0,0,0,0
33500,1875,00287_E07_P001747_B00E_A00_R1,667,OVCAR-3,adenocarcinoma,/,ovary,/,,PXD005946,0,0,0,0
33504,1875,00287_F07_P001747_B00F_A00_R1,667,OVCAR-3,adenocarcinoma,/,ovary,/,,PXD005946,0,0,0,0
33508,1875,00287_G07_P001747_B00G_A00_R1,667,OVCAR-3,adenocarcinoma,/,ovary,/,,PXD005946,0,0,0,0
33512,1875,00287_H07_P001747_B00H_A00_R1,667,OVCAR-3,adenocarcinoma,/,ovary,/,,PXD005946,0,0,0,0
33515,1875,00296_A03_P001905_B00E_A00_R1,668,SW620,adenocarcinoma,/,colon,/,,PXD005946,0,0,0,0
33519,1875,00296_B03_P001905_B00F_A00_R1,668,SW620,adenocarcinoma,/,colon,/,,PXD005946,0,0,0,0
33524,1875,00296_C03_P001905_B00G_A00_R1,668,SW620,adenocarcinoma,/,colon,/,,PXD005946,0,0,0,0
33529,1875,00296_D03_P001905_B00H_A00_R1,668,SW620,adenocarcinoma,/,colon,/,,PXD005946,0,0,0,0
33533,1875,00296_E02_P001905_B00A_A00_R1,668,SW620,adenocarcinoma,/,colon,/,,PXD005946,0,0,0,0
33534,1875,00296_E03_P001905_B00I_A00_R1,668,SW620,adenocarcinoma,/,colon,/,,PXD005946,0,0,0,0
33537,1875,00296_F02_P001905_B00B_A00_R1,668,SW620,adenocarcinoma,/,colon,/,,PXD005946,0,0,0,0
33538,1875,00296_F03_P001905_B00J_A00_R1,668,SW620,adenocarcinoma,/,colon,/,,PXD005946,0,0,0,0
33541,1875,00296_G02_P001905_B00C_A00_R1,668,SW620,adenocarcinoma,/,colon,/,,PXD005946,0,0,0,0
33542,1875,00296_G03_P001905_B00K_A00_R1,668,SW620,adenocarcinoma,/,colon,/,,PXD005946,0,0,0,0
33545,1875,00296_H02_P001905_B00D_A00_R1,668,SW620,adenocarcinoma,/,colon,/,,PXD005946,0,0,0,0
33546,1875,00296_H03_P001905_B00L_A00_R1,668,SW620,adenocarcinoma,/,colon,/,,PXD005946,0,0,0,0
33548,1875,00297_A01_P001888_B00A_A00_R1,669,OVCAR-4,adenocarcinoma,/,ovary,/,,PXD005946,0,0,0,0
33549,1875,00297_A02_P001888_B00I_A00_R1,669,OVCAR-4,adenocarcinoma,/,ovary,/,,PXD005946,0,0,0,0
33551,1875,00297_B01_P001888_B00B_A00_R1,669,OVCAR-4,adenocarcinoma,/,ovary,/,,PXD005946,0,0,0,0
33552,1875,00297_B02_P001888_B00J_A00_R1,669,OVCAR-4,adenocarcinoma,/,ovary,/,,PXD005946,0,0,0,0
33554,1875,00297_C01_P001888_B00C_A00_R1,669,OVCAR-4,adenocarcinoma,/,ovary,/,,PXD005946,0,0,0,0
33555,1875,00297_C02_P001888_B00K_A00_R1,669,OVCAR-4,adenocarcinoma,/,ovary,/,,PXD005946,0,0,0,0
33557,1875,00297_D01_P001888_B00D_A00_R1,669,OVCAR-4,adenocarcinoma,/,ovary,/,,PXD005946,0,0,0,0
33558,1875,00297_D02_P001888_B00L_A00_R1,669,OVCAR-4,adenocarcinoma,/,ovary,/,,PXD005946,0,0,0,0
33560,1875,00297_E01_P001888_B00E_A00_R1,669,OVCAR-4,adenocarcinoma,/,ovary,/,,PXD005946,0,0,0,0
33563,1875,00297_F01_P001888_B00F_A00_R1,669,OVCAR-4,adenocarcinoma,/,ovary,/,,PXD005946,0,0,0,0
33566,1875,00297_G01_P001888_B00G_A00_R1,669,OVCAR-4,adenocarcinoma,/,ovary,/,,PXD005946,0,0,0,0
33569,1875,00297_H01_P001888_B00H_A00_R1,669,OVCAR-4,adenocarcinoma,/,ovary,/,,PXD005946,0,0,0,0
33550,1875,00297_A06_P001891_B00E_A00_R1,670,UACC62,melanoma,/,skin,/,,PXD005946,0,0,0,0
33553,1875,00297_B06_P001891_B00F_A00_R1,670,UACC62,melanoma,/,skin,/,,PXD005946,0,0,0,0
33556,1875,00297_C06_P001891_B00G_A00_R1,670,UACC62,melanoma,/,skin,/,,PXD005946,0,0,0,0
33559,1875,00297_D06_P001891_B00H_A00_R1,670,UACC62,melanoma,/,skin,/,,PXD005946,0,0,0,0
33561,1875,00297_E05_P001891_B00A_A00_R2,670,UACC62,melanoma,/,skin,/,,PXD005946,0,0,0,0
33562,1875,00297_E06_P001891_B00I_A00_R1,670,UACC62,melanoma,/,skin,/,,PXD005946,0,0,0,0
33564,1875,00297_F05_P001891_B00B_A00_R2,670,UACC62,melanoma,/,skin,/,,PXD005946,0,0,0,0
33565,1875,00297_F06_P001891_B00J_A00_R1,670,UACC62,melanoma,/,skin,/,,PXD005946,0,0,0,0
33567,1875,00297_G05_P001891_B00C_A00_R1,670,UACC62,melanoma,/,skin,/,,PXD005946,0,0,0,0
33568,1875,00297_G06_P001891_B00K_A00_R1,670,UACC62,melanoma,/,skin,/,,PXD005946,0,0,0,0
33570,1875,00297_H05_P001891_B00D_A00_R1,670,UACC62,melanoma,/,skin,/,,PXD005946,0,0,0,0
33571,1875,00297_H06_P001891_B00L_A00_R1,670,UACC62,melanoma,/,skin,/,,PXD005946,0,0,0,0
33572,1875,00298_A03_P001897_B00E_A00_R1,671,UACC257,melanoma,/,skin,/,,PXD005946,0,0,0,0
33575,1875,00298_B03_P001897_B00F_A00_R1,671,UACC257,melanoma,/,skin,/,,PXD005946,0,0,0,0
33578,1875,00298_C03_P001897_B00G_A00_R1,671,UACC257,melanoma,/,skin,/,,PXD005946,0,0,0,0
33581,1875,00298_D03_P001897_B00H_A00_R2,671,UACC257,melanoma,/,skin,/,,PXD005946,0,0,0,0
33584,1875,00298_E02_P001897_B00A_A00_R1,671,UACC257,melanoma,/,skin,/,,PXD005946,0,0,0,0
33585,1875,00298_E03_P001897_B00I_A00_R1,671,UACC257,melanoma,/,skin,/,,PXD005946,0,0,0,0
33590,1875,00298_F02_P001897_B00B_A00_R1,671,UACC257,melanoma,/,skin,/,,PXD005946,0,0,0,0
33591,1875,00298_F03_P001897_B00J_A00_R1,671,UACC257,melanoma,/,skin,/,,PXD005946,0,0,0,0
33596,1875,00298_G02_P001897_B00C_A00_R1,671,UACC257,melanoma,/,skin,/,,PXD005946,0,0,0,0
33597,1875,00298_G03_P001897_B00K_A00_R1,671,UACC257,melanoma,/,skin,/,,PXD005946,0,0,0,0
33602,1875,00298_H02_P001897_B00D_A00_R1,671,UACC257,melanoma,/,skin,/,,PXD005946,0,0,0,0
33603,1875,00298_H03_P001897_B00L_A00_R1,671,UACC257,melanoma,/,skin,/,,PXD005946,0,0,0,0
33573,1875,00298_A06_P001899_B00E_A00_R1,672,SNB19,astrocytoma,/,brain,/,,PXD005946,0,0,0,0
33576,1875,00298_B06_P001899_B00F_A00_R1,672,SNB19,astrocytoma,/,brain,/,,PXD005946,0,0,0,0
33579,1875,00298_C06_P001899_B00G_A00_R1,672,SNB19,astrocytoma,/,brain,/,,PXD005946,0,0,0,0
33582,1875,00298_D06_P001899_B00H_A00_R1,672,SNB19,astrocytoma,/,brain,/,,PXD005946,0,0,0,0
33586,1875,00298_E05_P001899_B00A_A00_R1,672,SNB19,astrocytoma,/,brain,/,,PXD005946,0,0,0,0
33587,1875,00298_E06_P001899_B00I_A00_R1,672,SNB19,astrocytoma,/,brain,/,,PXD005946,0,0,0,0
33592,1875,00298_F05_P001899_B00B_A00_R1,672,SNB19,astrocytoma,/,brain,/,,PXD005946,0,0,0,0
33593,1875,00298_F06_P001899_B00J_A00_R1,672,SNB19,astrocytoma,/,brain,/,,PXD005946,0,0,0,0
33598,1875,00298_G05_P001899_B00C_A00_R1,672,SNB19,astrocytoma,/,brain,/,,PXD005946,0,0,0,0
33599,1875,00298_G06_P001899_B00K_A00_R1,672,SNB19,astrocytoma,/,brain,/,,PXD005946,0,0,0,0
33604,1875,00298_H05_P001899_B00D_A00_R1,672,SNB19,astrocytoma,/,brain,/,,PXD005946,0,0,0,0
33605,1875,00298_H06_P001899_B00L_A00_R1,672,SNB19,astrocytoma,/,brain,/,,PXD005946,0,0,0,0
33574,1875,00298_A12_P001903_B00E_A00_R1,673,RCC,adenocarcinoma,/,kidney,/,,PXD005946,0,0,0,0
33577,1875,00298_B12_P001903_B00F_A00_R1,673,RCC,adenocarcinoma,/,kidney,/,,PXD005946,0,0,0,0
33580,1875,00298_C12_P001903_B00G_A00_R1,673,RCC,adenocarcinoma,/,kidney,/,,PXD005946,0,0,0,0
33583,1875,00298_D12_P001903_B00H_A00_R1,673,RCC,adenocarcinoma,/,kidney,/,,PXD005946,0,0,0,0
33588,1875,00298_E11_P001903_B00A_A00_R1,673,RCC,adenocarcinoma,/,kidney,/,,PXD005946,0,0,0,0
33589,1875,00298_E12_P001903_B00I_A00_R1,673,RCC,adenocarcinoma,/,kidney,/,,PXD005946,0,0,0,0
33594,1875,00298_F11_P001903_B00B_A00_R1,673,RCC,adenocarcinoma,/,kidney,/,,PXD005946,0,0,0,0
33595,1875,00298_F12_P001903_B00J_A00_R1,673,RCC,adenocarcinoma,/,kidney,/,,PXD005946,0,0,0,0
33600,1875,00298_G11_P001903_B00C_A00_R1,673,RCC,adenocarcinoma,/,kidney,/,,PXD005946,0,0,0,0
33601,1875,00298_G12_P001903_B00K_A00_R1,673,RCC,adenocarcinoma,/,kidney,/,,PXD005946,0,0,0,0
33606,1875,00298_H11_P001903_B00D_A00_R1,673,RCC,adenocarcinoma,/,kidney,/,,PXD005946,0,0,0,0
33607,1875,00298_H12_P001903_B00L_A00_R1,673,RCC,adenocarcinoma,/,kidney,/,,PXD005946,0,0,0,0
33608,1875,00441_A03_P003196_B00E_A00_R1,674,A498,carcinoma,/,kidney,/,,PXD005946,0,0,0,0
33616,1875,00441_B03_P003196_B00F_A00_R1,674,A498,carcinoma,/,kidney,/,,PXD005946,0,0,0,0
33624,1875,00441_C03_P003196_B00G_A00_R1,674,A498,carcinoma,/,kidney,/,,PXD005946,0,0,0,0
33632,1875,00441_D03_P003196_B00H_A00_R1,674,A498,carcinoma,/,kidney,/,,PXD005946,0,0,0,0
33640,1875,00441_E02_P003196_B00A_A00_R1,674,A498,carcinoma,/,kidney,/,,PXD005946,0,0,0,0
33641,1875,00441_E03_P003196_B00I_A00_R1,674,A498,carcinoma,/,kidney,/,,PXD005946,0,0,0,0
33647,1875,00441_F02_P003196_B00B_A00_R1,674,A498,carcinoma,/,kidney,/,,PXD005946,0,0,0,0
33648,1875,00441_F03_P003196_B00J_A00_R1,674,A498,carcinoma,/,kidney,/,,PXD005946,0,0,0,0
33654,1875,00441_G02_P003196_B00C_A00_R1,674,A498,carcinoma,/,kidney,/,,PXD005946,0,0,0,0
33655,1875,00441_G03_P003196_B00K_A00_R1,674,A498,carcinoma,/,kidney,/,,PXD005946,0,0,0,0
33661,1875,00441_H02_P003196_B00D_A00_R1,674,A498,carcinoma,/,kidney,/,,PXD005946,0,0,0,0
33662,1875,00441_H03_P003196_B00L_A00_R1,674,A498,carcinoma,/,kidney,/,,PXD005946,0,0,0,0
33609,1875,00441_A04_P003197_B00A_A00_R2,675,CCRF-CEM,leukemia,/,T-cell,/,,PXD005946,0,0,0,0
33610,1875,00441_A05_P003197_B00I_A00_R1,675,CCRF-CEM,leukemia,/,T-cell,/,,PXD005946,0,0,0,0
33617,1875,00441_B04_P003197_B00B_A00_R2,675,CCRF-CEM,leukemia,/,T-cell,/,,PXD005946,0,0,0,0
33618,1875,00441_B05_P003197_B00J_A00_R1,675,CCRF-CEM,leukemia,/,T-cell,/,,PXD005946,0,0,0,0
33625,1875,00441_C04_P003197_B00C_A00_R1,675,CCRF-CEM,leukemia,/,T-cell,/,,PXD005946,0,0,0,0
33626,1875,00441_C05_P003197_B00K_A00_R1,675,CCRF-CEM,leukemia,/,T-cell,/,,PXD005946,0,0,0,0
33633,1875,00441_D04_P003197_B00D_A00_R1,675,CCRF-CEM,leukemia,/,T-cell,/,,PXD005946,0,0,0,0
33634,1875,00441_D05_P003197_B00L_A00_R1,675,CCRF-CEM,leukemia,/,T-cell,/,,PXD005946,0,0,0,0
33642,1875,00441_E04_P003197_B00E_A00_R1,675,CCRF-CEM,leukemia,/,T-cell,/,,PXD005946,0,0,0,0
33649,1875,00441_F04_P003197_B00F_A00_R1,675,CCRF-CEM,leukemia,/,T-cell,/,,PXD005946,0,0,0,0
33656,1875,00441_G04_P003197_B00G_A00_R1,675,CCRF-CEM,leukemia,/,T-cell,/,,PXD005946,0,0,0,0
33663,1875,00441_H04_P003197_B00H_A00_R1,675,CCRF-CEM,leukemia,/,T-cell,/,,PXD005946,0,0,0,0
33611,1875,00441_A06_P003198_B00E_A00_R1,676,NCI-H23,adenocarcinoma,/,lung,/,,PXD005946,0,0,0,0
33619,1875,00441_B06_P003198_B00F_A00_R1,676,NCI-H23,adenocarcinoma,/,lung,/,,PXD005946,0,0,0,0
33627,1875,00441_C06_P003198_B00G_A00_R1,676,NCI-H23,adenocarcinoma,/,lung,/,,PXD005946,0,0,0,0
33635,1875,00441_D06_P003198_B00H_A00_R1,676,NCI-H23,adenocarcinoma,/,lung,/,,PXD005946,0,0,0,0
33643,1875,00441_E05_P003198_B00A_A00_R2,676,NCI-H23,adenocarcinoma,/,lung,/,,PXD005946,0,0,0,0
33644,1875,00441_E06_P003198_B00I_A00_R1,676,NCI-H23,adenocarcinoma,/,lung,/,,PXD005946,0,0,0,0
33650,1875,00441_F05_P003198_B00B_A00_R2,676,NCI-H23,adenocarcinoma,/,lung,/,,PXD005946,0,0,0,0
33651,1875,00441_F06_P003198_B00J_A00_R1,676,NCI-H23,adenocarcinoma,/,lung,/,,PXD005946,0,0,0,0
33657,1875,00441_G05_P003198_B00C_A00_R2,676,NCI-H23,adenocarcinoma,/,lung,/,,PXD005946,0,0,0,0
33658,1875,00441_G06_P003198_B00K_A00_R1,676,NCI-H23,adenocarcinoma,/,lung,/,,PXD005946,0,0,0,0
33664,1875,00441_H05_P003198_B00D_A00_R1,676,NCI-H23,adenocarcinoma,/,lung,/,,PXD005946,0,0,0,0
33665,1875,00441_H06_P003198_B00L_A00_R1,676,NCI-H23,adenocarcinoma,/,lung,/,,PXD005946,0,0,0,0
33612,1875,00441_A07_P003199_B00A_A00_R1,677,MALME-3M,melanoma,/,skin,/,,PXD005946,0,0,0,0
33613,1875,00441_A08_P003199_B00I_A00_R1,677,MALME-3M,melanoma,/,skin,/,,PXD005946,0,0,0,0
33620,1875,00441_B07_P003199_B00B_A00_R1,677,MALME-3M,melanoma,/,skin,/,,PXD005946,0,0,0,0
33621,1875,00441_B08_P003199_B00J_A00_R1,677,MALME-3M,melanoma,/,skin,/,,PXD005946,0,0,0,0
33628,1875,00441_C07_P003199_B00C_A00_R1,677,MALME-3M,melanoma,/,skin,/,,PXD005946,0,0,0,0
33629,1875,00441_C08_P003199_B00K_A00_R1,677,MALME-3M,melanoma,/,skin,/,,PXD005946,0,0,0,0
33636,1875,00441_D07_P003199_B00D_A00_R1,677,MALME-3M,melanoma,/,skin,/,,PXD005946,0,0,0,0
33637,1875,00441_D08_P003199_B00L_A00_R1,677,MALME-3M,melanoma,/,skin,/,,PXD005946,0,0,0,0
33645,1875,00441_E07_P003199_B00E_A00_R1,677,MALME-3M,melanoma,/,skin,/,,PXD005946,0,0,0,0
33652,1875,00441_F07_P003199_B00F_A00_R1,677,MALME-3M,melanoma,/,skin,/,,PXD005946,0,0,0,0
33659,1875,00441_G07_P003199_B00G_A00_R1,677,MALME-3M,melanoma,/,skin,/,,PXD005946,0,0,0,0
33666,1875,00441_H07_P003199_B00H_A00_R1,677,MALME-3M,melanoma,/,skin,/,,PXD005946,0,0,0,0
33614,1875,00441_A10_P003201_B00A_A00_R1,678,UO31,carcinoma,/,kidney,/,,PXD005946,0,0,0,0
33615,1875,00441_A11_P003201_B00I_A00_R1,678,UO31,carcinoma,/,kidney,/,,PXD005946,0,0,0,0
33622,1875,00441_B10_P003201_B00B_A00_R1,678,UO31,carcinoma,/,kidney,/,,PXD005946,0,0,0,0
33623,1875,00441_B11_P003201_B00J_A00_R1,678,UO31,carcinoma,/,kidney,/,,PXD005946,0,0,0,0
33630,1875,00441_C10_P003201_B00C_A00_R1,678,UO31,carcinoma,/,kidney,/,,PXD005946,0,0,0,0
33631,1875,00441_C11_P003201_B00K_A00_R1,678,UO31,carcinoma,/,kidney,/,,PXD005946,0,0,0,0
33638,1875,00441_D10_P003201_B00D_A00_R1,678,UO31,carcinoma,/,kidney,/,,PXD005946,0,0,0,0
33639,1875,00441_D11_P003201_B00L_A00_R1,678,UO31,carcinoma,/,kidney,/,,PXD005946,0,0,0,0
33646,1875,00441_E10_P003201_B00E_A00_R1,678,UO31,carcinoma,/,kidney,/,,PXD005946,0,0,0,0
33653,1875,00441_F10_P003201_B00F_A00_R1,678,UO31,carcinoma,/,kidney,/,,PXD005946,0,0,0,0
33660,1875,00441_G10_P003201_B00G_A00_R2,678,UO31,carcinoma,/,kidney,/,,PXD005946,0,0,0,0
33667,1875,00441_H10_P003201_B00H_A00_R1,678,UO31,carcinoma,/,kidney,/,,PXD005946,0,0,0,0
33668,1875,00442_A01_P003203_B00A_A00_R1,679,TK10,carcinoma,/,kidney,/,,PXD005946,0,0,0,0
33669,1875,00442_A02_P003203_B00I_A00_R2,679,TK10,carcinoma,/,kidney,/,,PXD005946,0,0,0,0
33677,1875,00442_B01_P003203_B00B_A00_R1,679,TK10,carcinoma,/,kidney,/,,PXD005946,0,0,0,0
33678,1875,00442_B02_P003203_B00J_A00_R2,679,TK10,carcinoma,/,kidney,/,,PXD005946,0,0,0,0
33686,1875,00442_C01_P003203_B00C_A00_R1,679,TK10,carcinoma,/,kidney,/,,PXD005946,0,0,0,0
33687,1875,00442_C02_P003203_B00K_A00_R1,679,TK10,carcinoma,/,kidney,/,,PXD005946,0,0,0,0
33695,1875,00442_D01_P003203_B00D_A00_R1,679,TK10,carcinoma,/,kidney,/,,PXD005946,0,0,0,0
33696,1875,00442_D02_P003203_B00L_A00_R2,679,TK10,carcinoma,/,kidney,/,,PXD005946,0,0,0,0
33704,1875,00442_E01_P003203_B00E_A00_R1,679,TK10,carcinoma,/,kidney,/,,PXD005946,0,0,0,0
33713,1875,00442_F01_P003203_B00F_A00_R1,679,TK10,carcinoma,/,kidney,/,,PXD005946,0,0,0,0
33722,1875,00442_G01_P003203_B00G_A00_R2,679,TK10,carcinoma,/,kidney,/,,PXD005946,0,0,0,0
33731,1875,00442_H01_P003203_B00H_A00_R2,679,TK10,carcinoma,/,kidney,/,,PXD005946,0,0,0,0
33670,1875,00442_A03_P003204_B00E_A00_R1,680,HOP92,carcinoma,/,lung,/,,PXD005946,0,0,0,0
33679,1875,00442_B03_P003204_B00F_A00_R1,680,HOP92,carcinoma,/,lung,/,,PXD005946,0,0,0,0
33688,1875,00442_C03_P003204_B00G_A00_R1,680,HOP92,carcinoma,/,lung,/,,PXD005946,0,0,0,0
33697,1875,00442_D03_P003204_B00H_A00_R1,680,HOP92,carcinoma,/,lung,/,,PXD005946,0,0,0,0
33705,1875,00442_E02_P003204_B00A_A00_R1,680,HOP92,carcinoma,/,lung,/,,PXD005946,0,0,0,0
33706,1875,00442_E03_P003204_B00I_A00_R1,680,HOP92,carcinoma,/,lung,/,,PXD005946,0,0,0,0
33714,1875,00442_F02_P003204_B00B_A00_R1,680,HOP92,carcinoma,/,lung,/,,PXD005946,0,0,0,0
33715,1875,00442_F03_P003204_B00J_A00_R2,680,HOP92,carcinoma,/,lung,/,,PXD005946,0,0,0,0
33723,1875,00442_G02_P003204_B00C_A00_R1,680,HOP92,carcinoma,/,lung,/,,PXD005946,0,0,0,0
33724,1875,00442_G03_P003204_B00K_A00_R1,680,HOP92,carcinoma,/,lung,/,,PXD005946,0,0,0,0
33732,1875,00442_H02_P003204_B00D_A00_R1,680,HOP92,carcinoma,/,lung,/,,PXD005946,0,0,0,0
33733,1875,00442_H03_P003204_B00L_A00_R1,680,HOP92,carcinoma,/,lung,/,,PXD005946,0,0,0,0
33746,1875,00463_A07_P003364_B00A_A00_R1,680,HOP92,carcinoma,/,lung,/,,PXD005946,0,0,0,0
33747,1875,00463_A08_P003364_B00I_A00_R1,680,HOP92,carcinoma,/,lung,/,,PXD005946,0,0,0,0
33758,1875,00463_B07_P003364_B00B_A00_R1,680,HOP92,carcinoma,/,lung,/,,PXD005946,0,0,0,0
33759,1875,00463_B08_P003364_B00J_A00_R1,680,HOP92,carcinoma,/,lung,/,,PXD005946,0,0,0,0
33770,1875,00463_C07_P003364_B00C_A00_R1,680,HOP92,carcinoma,/,lung,/,,PXD005946,0,0,0,0
33771,1875,00463_C08_P003364_B00K_A00_R1,680,HOP92,carcinoma,/,lung,/,,PXD005946,0,0,0,0
33782,1875,00463_D07_P003364_B00D_A00_R2,680,HOP92,carcinoma,/,lung,/,,PXD005946,0,0,0,0
33783,1875,00463_D08_P003364_B00L_A00_R1,680,HOP92,carcinoma,/,lung,/,,PXD005946,0,0,0,0
33794,1875,00463_E07_P003364_B00E_A00_R1,680,HOP92,carcinoma,/,lung,/,,PXD005946,0,0,0,0
33806,1875,00463_F07_P003364_B00F_A00_R1,680,HOP92,carcinoma,/,lung,/,,PXD005946,0,0,0,0
33818,1875,00463_G07_P003364_B00G_A00_R1,680,HOP92,carcinoma,/,lung,/,,PXD005946,0,0,0,0
33830,1875,00463_H07_P003364_B00H_A00_R1,680,HOP92,carcinoma,/,lung,/,,PXD005946,0,0,0,0
33673,1875,00442_A06_P003206_B00E_A00_R2,681,NCI-H322M,adenocarcinoma,/,lung,/,,PXD005946,0,0,0,0
33682,1875,00442_B06_P003206_B00F_A00_R1,681,NCI-H322M,adenocarcinoma,/,lung,/,,PXD005946,0,0,0,0
33691,1875,00442_C06_P003206_B00G_A00_R1,681,NCI-H322M,adenocarcinoma,/,lung,/,,PXD005946,0,0,0,0
33700,1875,00442_D06_P003206_B00H_A00_R1,681,NCI-H322M,adenocarcinoma,/,lung,/,,PXD005946,0,0,0,0
33708,1875,00442_E05_P003206_B00A_A00_R1,681,NCI-H322M,adenocarcinoma,/,lung,/,,PXD005946,0,0,0,0
33709,1875,00442_E06_P003206_B00I_A00_R1,681,NCI-H322M,adenocarcinoma,/,lung,/,,PXD005946,0,0,0,0
33717,1875,00442_F05_P003206_B00B_A00_R1,681,NCI-H322M,adenocarcinoma,/,lung,/,,PXD005946,0,0,0,0
33718,1875,00442_F06_P003206_B00J_A00_R1,681,NCI-H322M,adenocarcinoma,/,lung,/,,PXD005946,0,0,0,0
33726,1875,00442_G05_P003206_B00C_A00_R2,681,NCI-H322M,adenocarcinoma,/,lung,/,,PXD005946,0,0,0,0
33727,1875,00442_G06_P003206_B00K_A00_R1,681,NCI-H322M,adenocarcinoma,/,lung,/,,PXD005946,0,0,0,0
33735,1875,00442_H05_P003206_B00D_A00_R1,681,NCI-H322M,adenocarcinoma,/,lung,/,,PXD005946,0,0,0,0
33736,1875,00442_H06_P003206_B00L_A00_R1,681,NCI-H322M,adenocarcinoma,/,lung,/,,PXD005946,0,0,0,0
33674,1875,00442_A07_P003207_B00A_A00_R1,682,ACHN,carcinoma,/,kidney,/,,PXD005946,0,0,0,0
33675,1875,00442_A08_P003207_B00I_A00_R1,682,ACHN,carcinoma,/,kidney,/,,PXD005946,0,0,0,0
33683,1875,00442_B07_P003207_B00B_A00_R1,682,ACHN,carcinoma,/,kidney,/,,PXD005946,0,0,0,0
33684,1875,00442_B08_P003207_B00J_A00_R1,682,ACHN,carcinoma,/,kidney,/,,PXD005946,0,0,0,0
33692,1875,00442_C07_P003207_B00C_A00_R1,682,ACHN,carcinoma,/,kidney,/,,PXD005946,0,0,0,0
33693,1875,00442_C08_P003207_B00K_A00_R1,682,ACHN,carcinoma,/,kidney,/,,PXD005946,0,0,0,0
33701,1875,00442_D07_P003207_B00D_A00_R1,682,ACHN,carcinoma,/,kidney,/,,PXD005946,0,0,0,0
33702,1875,00442_D08_P003207_B00L_A00_R1,682,ACHN,carcinoma,/,kidney,/,,PXD005946,0,0,0,0
33710,1875,00442_E07_P003207_B00E_A00_R1,682,ACHN,carcinoma,/,kidney,/,,PXD005946,0,0,0,0
33719,1875,00442_F07_P003207_B00F_A00_R1,682,ACHN,carcinoma,/,kidney,/,,PXD005946,0,0,0,0
33728,1875,00442_G07_P003207_B00G_A00_R1,682,ACHN,carcinoma,/,kidney,/,,PXD005946,0,0,0,0
33737,1875,00442_H07_P003207_B00H_A00_R1,682,ACHN,carcinoma,/,kidney,/,,PXD005946,0,0,0,0
33676,1875,00442_A08_P003208_B00E_A00_R1,683,HCT15,adenocarcinoma,/,colon,/,,PXD005946,0,0,0,0
33685,1875,00442_B08_P003208_B00F_A00_R1,683,HCT15,adenocarcinoma,/,colon,/,,PXD005946,0,0,0,0
33694,1875,00442_C08_P003208_B00G_A00_R1,683,HCT15,adenocarcinoma,/,colon,/,,PXD005946,0,0,0,0
33703,1875,00442_D08_P003208_B00H_A00_R1,683,HCT15,adenocarcinoma,/,colon,/,,PXD005946,0,0,0,0
33711,1875,00442_E07_P003208_B00A_A00_R1,683,HCT15,adenocarcinoma,/,colon,/,,PXD005946,0,0,0,0
33712,1875,00442_E08_P003208_B00I_A00_R1,683,HCT15,adenocarcinoma,/,colon,/,,PXD005946,0,0,0,0
33720,1875,00442_F07_P003208_B00B_A00_R1,683,HCT15,adenocarcinoma,/,colon,/,,PXD005946,0,0,0,0
33721,1875,00442_F08_P003208_B00J_A00_R1,683,HCT15,adenocarcinoma,/,colon,/,,PXD005946,0,0,0,0
33729,1875,00442_G07_P003208_B00C_A00_R1,683,HCT15,adenocarcinoma,/,colon,/,,PXD005946,0,0,0,0
33730,1875,00442_G08_P003208_B00K_A00_R1,683,HCT15,adenocarcinoma,/,colon,/,,PXD005946,0,0,0,0
33738,1875,00442_H07_P003208_B00D_A00_R1,683,HCT15,adenocarcinoma,/,colon,/,,PXD005946,0,0,0,0
33739,1875,00442_H08_P003208_B00L_A00_R1,683,HCT15,adenocarcinoma,/,colon,/,,PXD005946,0,0,0,0
33740,1875,00463_A01_P003360_B00A_A00_R2,684,SF295,glioblastoma,/,brain,/,,PXD005946,0,0,0,0
33741,1875,00463_A02_P003360_B00I_A00_R1,684,SF295,glioblastoma,/,brain,/,,PXD005946,0,0,0,0
33752,1875,00463_B01_P003360_B00B_A00_R1,684,SF295,glioblastoma,/,brain,/,,PXD005946,0,0,0,0
33753,1875,00463_B02_P003360_B00J_A00_R1,684,SF295,glioblastoma,/,brain,/,,PXD005946,0,0,0,0
33764,1875,00463_C01_P003360_B00C_A00_R1,684,SF295,glioblastoma,/,brain,/,,PXD005946,0,0,0,0
33765,1875,00463_C02_P003360_B00K_A00_R1,684,SF295,glioblastoma,/,brain,/,,PXD005946,0,0,0,0
33776,1875,00463_D01_P003360_B00D_A00_R1,684,SF295,glioblastoma,/,brain,/,,PXD005946,0,0,0,0
33777,1875,00463_D02_P003360_B00L_A00_R1,684,SF295,glioblastoma,/,brain,/,,PXD005946,0,0,0,0
33788,1875,00463_E01_P003360_B00E_A00_R1,684,SF295,glioblastoma,/,brain,/,,PXD005946,0,0,0,0
33800,1875,00463_F01_P003360_B00F_A00_R1,684,SF295,glioblastoma,/,brain,/,,PXD005946,0,0,0,0
33812,1875,00463_G01_P003360_B00G_A00_R1,684,SF295,glioblastoma,/,brain,/,,PXD005946,0,0,0,0
33824,1875,00463_H01_P003360_B00H_A00_R1,684,SF295,glioblastoma,/,brain,/,,PXD005946,0,0,0,0
33742,1875,00463_A03_P003359_B00E_A00_R1,685,RPMI-8226,myeloma,/,plasma cell,/,,PXD005946,0,0,0,0
33754,1875,00463_B03_P003359_B00F_A00_R1,685,RPMI-8226,myeloma,/,plasma cell,/,,PXD005946,0,0,0,0
33766,1875,00463_C03_P003359_B00G_A00_R1,685,RPMI-8226,myeloma,/,plasma cell,/,,PXD005946,0,0,0,0
33778,1875,00463_D03_P003359_B00H_A00_R1,685,RPMI-8226,myeloma,/,plasma cell,/,,PXD005946,0,0,0,0
33789,1875,00463_E02_P003359_B00A_A00_R1,685,RPMI-8226,myeloma,/,plasma cell,/,,PXD005946,0,0,0,0
33790,1875,00463_E03_P003359_B00I_A00_R1,685,RPMI-8226,myeloma,/,plasma cell,/,,PXD005946,0,0,0,0
33801,1875,00463_F02_P003359_B00B_A00_R1,685,RPMI-8226,myeloma,/,plasma cell,/,,PXD005946,0,0,0,0
33802,1875,00463_F03_P003359_B00J_A00_R1,685,RPMI-8226,myeloma,/,plasma cell,/,,PXD005946,0,0,0,0
33813,1875,00463_G02_P003359_B00C_A00_R1,685,RPMI-8226,myeloma,/,plasma cell,/,,PXD005946,0,0,0,0
33814,1875,00463_G03_P003359_B00K_A00_R1,685,RPMI-8226,myeloma,/,plasma cell,/,,PXD005946,0,0,0,0
33825,1875,00463_H02_P003359_B00D_A00_R1,685,RPMI-8226,myeloma,/,plasma cell,/,,PXD005946,0,0,0,0
33826,1875,00463_H03_P003359_B00L_A00_R1,685,RPMI-8226,myeloma,/,plasma cell,/,,PXD005946,0,0,0,0
33743,1875,00463_A04_P003358_B00A_A00_R1,686,SF539,gliosarcoma,/,brain,/,,PXD005946,0,0,0,0
33744,1875,00463_A05_P003358_B00I_A00_R1,686,SF539,gliosarcoma,/,brain,/,,PXD005946,0,0,0,0
33755,1875,00463_B04_P003358_B00B_A00_R1,686,SF539,gliosarcoma,/,brain,/,,PXD005946,0,0,0,0
33756,1875,00463_B05_P003358_B00J_A00_R1,686,SF539,gliosarcoma,/,brain,/,,PXD005946,0,0,0,0
33767,1875,00463_C04_P003358_B00C_A00_R1,686,SF539,gliosarcoma,/,brain,/,,PXD005946,0,0,0,0
33768,1875,00463_C05_P003358_B00K_A00_R1,686,SF539,gliosarcoma,/,brain,/,,PXD005946,0,0,0,0
33779,1875,00463_D04_P003358_B00D_A00_R1,686,SF539,gliosarcoma,/,brain,/,,PXD005946,0,0,0,0
33780,1875,00463_D05_P003358_B00L_A00_R1,686,SF539,gliosarcoma,/,brain,/,,PXD005946,0,0,0,0
33791,1875,00463_E04_P003358_B00E_A00_R1,686,SF539,gliosarcoma,/,brain,/,,PXD005946,0,0,0,0
33803,1875,00463_F04_P003358_B00F_A00_R1,686,SF539,gliosarcoma,/,brain,/,,PXD005946,0,0,0,0
33815,1875,00463_G04_P003358_B00G_A00_R1,686,SF539,gliosarcoma,/,brain,/,,PXD005946,0,0,0,0
33827,1875,00463_H04_P003358_B00H_A00_R1,686,SF539,gliosarcoma,/,brain,/,,PXD005946,0,0,0,0
33745,1875,00463_A06_P003357_B00E_A00_R1,687,Caki-1,carcinoma,/,kidney,/,,PXD005946,0,0,0,0
33757,1875,00463_B06_P003357_B00F_A00_R2,687,Caki-1,carcinoma,/,kidney,/,,PXD005946,0,0,0,0
33769,1875,00463_C06_P003357_B00G_A00_R1,687,Caki-1,carcinoma,/,kidney,/,,PXD005946,0,0,0,0
33781,1875,00463_D06_P003357_B00H_A00_R1,687,Caki-1,carcinoma,/,kidney,/,,PXD005946,0,0,0,0
33792,1875,00463_E05_P003357_B00A_A00_R1,687,Caki-1,carcinoma,/,kidney,/,,PXD005946,0,0,0,0
33793,1875,00463_E06_P003357_B00I_A00_R1,687,Caki-1,carcinoma,/,kidney,/,,PXD005946,0,0,0,0
33804,1875,00463_F05_P003357_B00B_A00_R1,687,Caki-1,carcinoma,/,kidney,/,,PXD005946,0,0,0,0
33805,1875,00463_F06_P003357_B00J_A00_R1,687,Caki-1,carcinoma,/,kidney,/,,PXD005946,0,0,0,0
33816,1875,00463_G05_P003357_B00C_A00_R1,687,Caki-1,carcinoma,/,kidney,/,,PXD005946,0,0,0,0
33817,1875,00463_G06_P003357_B00K_A00_R1,687,Caki-1,carcinoma,/,kidney,/,,PXD005946,0,0,0,0
33828,1875,00463_H05_P003357_B00D_A00_R1,687,Caki-1,carcinoma,/,kidney,/,,PXD005946,0,0,0,0
33829,1875,00463_H06_P003357_B00L_A00_R1,687,Caki-1,carcinoma,/,kidney,/,,PXD005946,0,0,0,0
33748,1875,00463_A09_P003363_B00E_A00_R1,688,OVCAR-5,adenocarcinoma,/,ovary,/,,PXD005946,0,0,0,0
33760,1875,00463_B09_P003363_B00F_A00_R1,688,OVCAR-5,adenocarcinoma,/,ovary,/,,PXD005946,0,0,0,0
33772,1875,00463_C09_P003363_B00G_A00_R1,688,OVCAR-5,adenocarcinoma,/,ovary,/,,PXD005946,0,0,0,0
33784,1875,00463_D09_P003363_B00H_A00_R1,688,OVCAR-5,adenocarcinoma,/,ovary,/,,PXD005946,0,0,0,0
33795,1875,00463_E08_P003363_B00A_A00_R1,688,OVCAR-5,adenocarcinoma,/,ovary,/,,PXD005946,0,0,0,0
33796,1875,00463_E09_P003363_B00I_A00_R1,688,OVCAR-5,adenocarcinoma,/,ovary,/,,PXD005946,0,0,0,0
33807,1875,00463_F08_P003363_B00B_A00_R1,688,OVCAR-5,adenocarcinoma,/,ovary,/,,PXD005946,0,0,0,0
33808,1875,00463_F09_P003363_B00J_A00_R1,688,OVCAR-5,adenocarcinoma,/,ovary,/,,PXD005946,0,0,0,0
33819,1875,00463_G08_P003363_B00C_A00_R1,688,OVCAR-5,adenocarcinoma,/,ovary,/,,PXD005946,0,0,0,0
33820,1875,00463_G09_P003363_B00K_A00_R1,688,OVCAR-5,adenocarcinoma,/,ovary,/,,PXD005946,0,0,0,0
33831,1875,00463_H08_P003363_B00D_A00_R1,688,OVCAR-5,adenocarcinoma,/,ovary,/,,PXD005946,0,0,0,0
33832,1875,00463_H09_P003363_B00L_A00_R1,688,OVCAR-5,adenocarcinoma,/,ovary,/,,PXD005946,0,0,0,0
33751,1875,00463_A12_P003361_B00E_A00_R1,689,MOLT4,leukemia,/,T-cell,/,,PXD005946,0,0,0,0
33763,1875,00463_B12_P003361_B00F_A00_R1,689,MOLT4,leukemia,/,T-cell,/,,PXD005946,0,0,0,0
33775,1875,00463_C12_P003361_B00G_A00_R1,689,MOLT4,leukemia,/,T-cell,/,,PXD005946,0,0,0,0
33787,1875,00463_D12_P003361_B00H_A00_R1,689,MOLT4,leukemia,/,T-cell,/,,PXD005946,0,0,0,0
33798,1875,00463_E11_P003361_B00A_A00_R1,689,MOLT4,leukemia,/,T-cell,/,,PXD005946,0,0,0,0
33799,1875,00463_E12_P003361_B00I_A00_R1,689,MOLT4,leukemia,/,T-cell,/,,PXD005946,0,0,0,0
33810,1875,00463_F11_P003361_B00B_A00_R1,689,MOLT4,leukemia,/,T-cell,/,,PXD005946,0,0,0,0
33811,1875,00463_F12_P003361_B00J_A00_R1,689,MOLT4,leukemia,/,T-cell,/,,PXD005946,0,0,0,0
33822,1875,00463_G11_P003361_B00C_A00_R1,689,MOLT4,leukemia,/,T-cell,/,,PXD005946,0,0,0,0
33823,1875,00463_G12_P003361_B00K_A00_R1,689,MOLT4,leukemia,/,T-cell,/,,PXD005946,0,0,0,0
33834,1875,00463_H11_P003361_B00D_A00_R1,689,MOLT4,leukemia,/,T-cell,/,,PXD005946,0,0,0,0
33835,1875,00463_H12_P003361_B00L_A00_R1,689,MOLT4,leukemia,/,T-cell,/,,PXD005946,0,0,0,0
33836,1875,00469_A05_P003376_B00C_A00_R1,690,SF268,astrocytoma,/,brain,/,,PXD005946,0,0,0,0
33837,1875,00469_A06_P003376_B00K_A00_R1,690,SF268,astrocytoma,/,brain,/,,PXD005946,0,0,0,0
33838,1875,00469_B05_P003376_B00D_A00_R1,690,SF268,astrocytoma,/,brain,/,,PXD005946,0,0,0,0
33839,1875,00469_B06_P003376_B00L_A00_R1,690,SF268,astrocytoma,/,brain,/,,PXD005946,0,0,0,0
33840,1875,00469_C05_P003376_B00E_A00_R1,690,SF268,astrocytoma,/,brain,/,,PXD005946,0,0,0,0
33841,1875,00469_D05_P003376_B00F_A00_R1,690,SF268,astrocytoma,/,brain,/,,PXD005946,0,0,0,0
33842,1875,00469_E05_P003376_B00G_A00_R1,690,SF268,astrocytoma,/,brain,/,,PXD005946,0,0,0,0
33843,1875,00469_F05_P003376_B00H_A00_R1,690,SF268,astrocytoma,/,brain,/,,PXD005946,0,0,0,0
33844,1875,00469_G04_P003376_B00A_A00_R1,690,SF268,astrocytoma,/,brain,/,,PXD005946,0,0,0,0
33845,1875,00469_G05_P003376_B00I_A00_R1,690,SF268,astrocytoma,/,brain,/,,PXD005946,0,0,0,0
33846,1875,00469_H04_P003376_B00B_A00_R1,690,SF268,astrocytoma,/,brain,/,,PXD005946,0,0,0,0
33847,1875,00469_H05_P003376_B00J_A00_R1,690,SF268,astrocytoma,/,brain,/,,PXD005946,0,0,0,0
33848,1875,00471_A01_P003383_B00A_A00_R1,691,OVCAR-8,adenocarcinoma,/,ovary,OVCAR-8/ADR,,PXD005946,0,0,0,0
33849,1875,00471_A02_P003383_B00I_A00_R1,691,OVCAR-8,adenocarcinoma,/,ovary,OVCAR-8/ADR,,PXD005946,0,0,0,0
33852,1875,00471_B01_P003383_B00B_A00_R1,691,OVCAR-8,adenocarcinoma,/,ovary,OVCAR-8/ADR,,PXD005946,0,0,0,0
33853,1875,00471_B02_P003383_B00J_A00_R1,691,OVCAR-8,adenocarcinoma,/,ovary,OVCAR-8/ADR,,PXD005946,0,0,0,0
33856,1875,00471_C01_P003383_B00C_A00_R1,691,OVCAR-8,adenocarcinoma,/,ovary,OVCAR-8/ADR,,PXD005946,0,0,0,0
33857,1875,00471_C02_P003383_B00K_A00_R1,691,OVCAR-8,adenocarcinoma,/,ovary,OVCAR-8/ADR,,PXD005946,0,0,0,0
33860,1875,00471_D01_P003383_B00D_A00_R1,691,OVCAR-8,adenocarcinoma,/,ovary,OVCAR-8/ADR,,PXD005946,0,0,0,0
33861,1875,00471_D02_P003383_B00L_A00_R1,691,OVCAR-8,adenocarcinoma,/,ovary,OVCAR-8/ADR,,PXD005946,0,0,0,0
33864,1875,00471_E01_P003383_B00E_A00_R1,691,OVCAR-8,adenocarcinoma,/,ovary,OVCAR-8/ADR,,PXD005946,0,0,0,0
33866,1875,00471_F01_P003383_B00F_A00_R1,691,OVCAR-8,adenocarcinoma,/,ovary,OVCAR-8/ADR,,PXD005946,0,0,0,0
33868,1875,00471_G01_P003383_B00G_A00_R2,691,OVCAR-8,adenocarcinoma,/,ovary,OVCAR-8/ADR,,PXD005946,0,0,0,0
33870,1875,00471_H01_P003383_B00H_A00_R1,691,OVCAR-8,adenocarcinoma,/,ovary,OVCAR-8/ADR,,PXD005946,0,0,0,0
33850,1875,00471_A04_P003381_B00A_A00_R2,692,NCI-H460,carcinoma ,/,lung,/,,PXD005946,0,0,0,0
33851,1875,00471_A05_P003381_B00I_A00_R1,692,NCI-H460,carcinoma ,/,lung,/,,PXD005946,0,0,0,0
33854,1875,00471_B04_P003381_B00B_A00_R1,692,NCI-H460,carcinoma ,/,lung,/,,PXD005946,0,0,0,0
33855,1875,00471_B05_P003381_B00J_A00_R1,692,NCI-H460,carcinoma ,/,lung,/,,PXD005946,0,0,0,0
33858,1875,00471_C04_P003381_B00C_A00_R1,692,NCI-H460,carcinoma ,/,lung,/,,PXD005946,0,0,0,0
33859,1875,00471_C05_P003381_B00K_A00_R1,692,NCI-H460,carcinoma ,/,lung,/,,PXD005946,0,0,0,0
33862,1875,00471_D04_P003381_B00D_A00_R1,692,NCI-H460,carcinoma ,/,lung,/,,PXD005946,0,0,0,0
33863,1875,00471_D05_P003381_B00L_A00_R1,692,NCI-H460,carcinoma ,/,lung,/,,PXD005946,0,0,0,0
33865,1875,00471_E04_P003381_B00E_A00_R1,692,NCI-H460,carcinoma ,/,lung,/,,PXD005946,0,0,0,0
33867,1875,00471_F04_P003381_B00F_A00_R1,692,NCI-H460,carcinoma ,/,lung,/,,PXD005946,0,0,0,0
33869,1875,00471_G04_P003381_B00G_A00_R1,692,NCI-H460,carcinoma ,/,lung,/,,PXD005946,0,0,0,0
33871,1875,00471_H04_P003381_B00H_A00_R1,692,NCI-H460,carcinoma ,/,lung,/,,PXD005946,0,0,0,0
33893,1875,00524_F04_P003820_B00F_A00_R1,692,NCI-H460,carcinoma ,/,lung,/,,PXD005946,0,0,0,0
33894,1875,00524_G04_P003820_B00G_A00_R1,692,NCI-H460,carcinoma ,/,lung,/,,PXD005946,0,0,0,0
33895,1875,00524_H04_P003820_B00H_A00_R1,692,NCI-H460,carcinoma ,/,lung,/,,PXD005946,0,0,0,0
32184,1856,OEII16055_160112141927,563,HCT116,carcinoma,/,colon,/,,PXD009185,0,0,0,0
32186,1856,OEII16059,563,HCT116,carcinoma,/,colon,/,,PXD009185,0,0,0,0
32189,1856,OEII16071,563,HCT116,carcinoma,/,colon,/,,PXD009185,0,0,0,0
32193,1856,OEII16083,563,HCT116,carcinoma,/,colon,/,,PXD009185,0,0,0,0
32194,1856,OEII16085,563,HCT116,carcinoma,/,colon,/,,PXD009185,0,0,0,0
32199,1856,OEII16103,563,HCT116,carcinoma,/,colon,/,,PXD009185,0,0,0,0
32202,1856,OEII16111,563,HCT116,carcinoma,/,colon,/,,PXD009185,0,0,0,0
32205,1856,OEII16121,563,HCT116,carcinoma,/,colon,/,,PXD009185,0,0,0,0
32207,1856,OEII16125,563,HCT116,carcinoma,/,colon,/,,PXD009185,0,0,0,0
32185,1856,OEII16057,607,HCT116,carcinoma,cisplatin/MLN4924,colon,/,,PXD009185,0,0,0,0
32190,1856,OEII16073,607,HCT116,carcinoma,cisplatin/MLN4924,colon,/,,PXD009185,0,0,0,0
32195,1856,OEII16087,607,HCT116,carcinoma,cisplatin/MLN4924,colon,/,,PXD009185,0,0,0,0
32201,1856,OEII16109,607,HCT116,carcinoma,cisplatin/MLN4924,colon,/,,PXD009185,0,0,0,0
32206,1856,OEII16123,607,HCT116,carcinoma,cisplatin/MLN4924,colon,/,,PXD009185,0,0,0,0
32210,1856,OEII16135,607,HCT116,carcinoma,cisplatin/MLN4924,colon,/,,PXD009185,0,0,0,0
32187,1856,OEII16063,608,HCT116,carcinoma,cisplatin,colon,/,,PXD009185,0,0,0,0
32192,1856,OEII16081,608,HCT116,carcinoma,cisplatin,colon,/,,PXD009185,0,0,0,0
32196,1856,OEII16093,608,HCT116,carcinoma,cisplatin,colon,/,,PXD009185,0,0,0,0
32198,1856,OEII16097,608,HCT116,carcinoma,cisplatin,colon,/,,PXD009185,0,0,0,0
32204,1856,OEII16119,608,HCT116,carcinoma,cisplatin,colon,/,,PXD009185,0,0,0,0
32209,1856,OEII16133,608,HCT116,carcinoma,cisplatin,colon,/,,PXD009185,0,0,0,0
32188,1856,OEII16067,609,HCT116,carcinoma,MLN4924,colon,/,,PXD009185,0,0,0,0
32191,1856,OEII16077,609,HCT116,carcinoma,MLN4924,colon,/,,PXD009185,0,0,0,0
32197,1856,OEII16095,609,HCT116,carcinoma,MLN4924,colon,/,,PXD009185,0,0,0,0
32200,1856,OEII16107,609,HCT116,carcinoma,MLN4924,colon,/,,PXD009185,0,0,0,0
32203,1856,OEII16115,609,HCT116,carcinoma,MLN4924,colon,/,,PXD009185,0,0,0,0
32208,1856,OEII16127,609,HCT116,carcinoma,MLN4924,colon,/,,PXD009185,0,0,0,0
32213,1857,OEII15605,568,HepG2,hepatoblastoma,/,liver,/,,PXD005507,0,0,0,0
32215,1857,OEII15609,568,HepG2,hepatoblastoma,/,liver,/,,PXD005507,0,0,0,0
32216,1857,OEII15611,568,HepG2,hepatoblastoma,/,liver,/,,PXD005507,0,0,0,0
32219,1857,OEII15619,568,HepG2,hepatoblastoma,/,liver,/,,PXD005507,0,0,0,0
32221,1857,OEII15623,568,HepG2,hepatoblastoma,/,liver,/,,PXD005507,0,0,0,0
32224,1857,OEII15631,568,HepG2,hepatoblastoma,/,liver,/,,PXD005507,0,0,0,0
32211,1857,OEII15601,610,HepG2,hepatoblastoma,Cu,liver,/,,PXD005507,0,0,0,0
32214,1857,OEII15607,610,HepG2,hepatoblastoma,Cu,liver,/,,PXD005507,0,0,0,0
32218,1857,OEII15617,610,HepG2,hepatoblastoma,Cu,liver,/,,PXD005507,0,0,0,0
32223,1857,OEII15629,610,HepG2,hepatoblastoma,Cu,liver,/,,PXD005507,0,0,0,0
32226,1857,OEII15635,610,HepG2,hepatoblastoma,Cu,liver,/,,PXD005507,0,0,0,0
32227,1857,OEII15637,610,HepG2,hepatoblastoma,Cu,liver,/,,PXD005507,0,0,0,0
32212,1857,OEII15603,611,HepG2,hepatoblastoma,Mn,liver,/,,PXD005507,0,0,0,0
32217,1857,OEII15615,611,HepG2,hepatoblastoma,Mn,liver,/,,PXD005507,0,0,0,0
32220,1857,OEII15621,611,HepG2,hepatoblastoma,Mn,liver,/,,PXD005507,0,0,0,0
32222,1857,OEII15625,611,HepG2,hepatoblastoma,Mn,liver,/,,PXD005507,0,0,0,0
32225,1857,OEII15633,611,HepG2,hepatoblastoma,Mn,liver,/,,PXD005507,0,0,0,0
32228,1857,OEII15639,611,HepG2,hepatoblastoma,Mn,liver,/,,PXD005507,0,0,0,0
32088,1855,C1C_01,575,SHSY5Y,neuroblastoma,/,brain,/,,PXD001668,0,0,0,0
32089,1855,C1C_02,575,SHSY5Y,neuroblastoma,/,brain,/,,PXD001668,0,0,0,0
32090,1855,C1C_03,575,SHSY5Y,neuroblastoma,/,brain,/,,PXD001668,0,0,0,0
32091,1855,C1C_04,575,SHSY5Y,neuroblastoma,/,brain,/,,PXD001668,0,0,0,0
32092,1855,C1C_05,575,SHSY5Y,neuroblastoma,/,brain,/,,PXD001668,0,0,0,0
32093,1855,C1C_06,575,SHSY5Y,neuroblastoma,/,brain,/,,PXD001668,0,0,0,0
32094,1855,C1C_07,575,SHSY5Y,neuroblastoma,/,brain,/,,PXD001668,0,0,0,0
32095,1855,C1C_08,575,SHSY5Y,neuroblastoma,/,brain,/,,PXD001668,0,0,0,0
32096,1855,C1N_01,575,SHSY5Y,neuroblastoma,/,brain,/,,PXD001668,0,0,0,0
32097,1855,C1N_02,575,SHSY5Y,neuroblastoma,/,brain,/,,PXD001668,0,0,0,0
32098,1855,C1N_03,575,SHSY5Y,neuroblastoma,/,brain,/,,PXD001668,0,0,0,0
32099,1855,C1N_04,575,SHSY5Y,neuroblastoma,/,brain,/,,PXD001668,0,0,0,0
32100,1855,C1N_05,575,SHSY5Y,neuroblastoma,/,brain,/,,PXD001668,0,0,0,0
32101,1855,C1N_06,575,SHSY5Y,neuroblastoma,/,brain,/,,PXD001668,0,0,0,0
32102,1855,C1N_07,575,SHSY5Y,neuroblastoma,/,brain,/,,PXD001668,0,0,0,0
32103,1855,C1N_08,575,SHSY5Y,neuroblastoma,/,brain,/,,PXD001668,0,0,0,0
32104,1855,C2C_01,575,SHSY5Y,neuroblastoma,/,brain,/,,PXD001668,0,0,0,0
32105,1855,C2C_02,575,SHSY5Y,neuroblastoma,/,brain,/,,PXD001668,0,0,0,0
32106,1855,C2C_03,575,SHSY5Y,neuroblastoma,/,brain,/,,PXD001668,0,0,0,0
32107,1855,C2C_04,575,SHSY5Y,neuroblastoma,/,brain,/,,PXD001668,0,0,0,0
32108,1855,C2C_05,575,SHSY5Y,neuroblastoma,/,brain,/,,PXD001668,0,0,0,0
32109,1855,C2C_06,575,SHSY5Y,neuroblastoma,/,brain,/,,PXD001668,0,0,0,0
32110,1855,C2C_07,575,SHSY5Y,neuroblastoma,/,brain,/,,PXD001668,0,0,0,0
32111,1855,C2C_08,575,SHSY5Y,neuroblastoma,/,brain,/,,PXD001668,0,0,0,0
32112,1855,C2N_01,575,SHSY5Y,neuroblastoma,/,brain,/,,PXD001668,0,0,0,0
32113,1855,C2N_02,575,SHSY5Y,neuroblastoma,/,brain,/,,PXD001668,0,0,0,0
32114,1855,C2N_03,575,SHSY5Y,neuroblastoma,/,brain,/,,PXD001668,0,0,0,0
32115,1855,C2N_04,575,SHSY5Y,neuroblastoma,/,brain,/,,PXD001668,0,0,0,0
32116,1855,C2N_05,575,SHSY5Y,neuroblastoma,/,brain,/,,PXD001668,0,0,0,0
32117,1855,C2N_06,575,SHSY5Y,neuroblastoma,/,brain,/,,PXD001668,0,0,0,0
32118,1855,C2N_07,575,SHSY5Y,neuroblastoma,/,brain,/,,PXD001668,0,0,0,0
32119,1855,C2N_08,575,SHSY5Y,neuroblastoma,/,brain,/,,PXD001668,0,0,0,0
32120,1855,C3C_01,575,SHSY5Y,neuroblastoma,/,brain,/,,PXD001668,0,0,0,0
32121,1855,C3C_02,575,SHSY5Y,neuroblastoma,/,brain,/,,PXD001668,0,0,0,0
32122,1855,C3C_03,575,SHSY5Y,neuroblastoma,/,brain,/,,PXD001668,0,0,0,0
32123,1855,C3C_04,575,SHSY5Y,neuroblastoma,/,brain,/,,PXD001668,0,0,0,0
32124,1855,C3C_05,575,SHSY5Y,neuroblastoma,/,brain,/,,PXD001668,0,0,0,0
32125,1855,C3C_06,575,SHSY5Y,neuroblastoma,/,brain,/,,PXD001668,0,0,0,0
32126,1855,C3C_07,575,SHSY5Y,neuroblastoma,/,brain,/,,PXD001668,0,0,0,0
32127,1855,C3C_08,575,SHSY5Y,neuroblastoma,/,brain,/,,PXD001668,0,0,0,0
32128,1855,C3N_01,575,SHSY5Y,neuroblastoma,/,brain,/,,PXD001668,0,0,0,0
32129,1855,C3N_02,575,SHSY5Y,neuroblastoma,/,brain,/,,PXD001668,0,0,0,0
32130,1855,C3N_03,575,SHSY5Y,neuroblastoma,/,brain,/,,PXD001668,0,0,0,0
32131,1855,C3N_04,575,SHSY5Y,neuroblastoma,/,brain,/,,PXD001668,0,0,0,0
32132,1855,C3N_05,575,SHSY5Y,neuroblastoma,/,brain,/,,PXD001668,0,0,0,0
32133,1855,C3N_06,575,SHSY5Y,neuroblastoma,/,brain,/,,PXD001668,0,0,0,0
32134,1855,C3N_07,575,SHSY5Y,neuroblastoma,/,brain,/,,PXD001668,0,0,0,0
32135,1855,C3N_08,575,SHSY5Y,neuroblastoma,/,brain,/,,PXD001668,0,0,0,0
32136,1855,T1C_01,606,SHSY5Y,neuroblastoma,TDP43 KO,brain,/,,PXD001668,0,0,0,0
32137,1855,T1C_02,606,SHSY5Y,neuroblastoma,TDP43 KO,brain,/,,PXD001668,0,0,0,0
32138,1855,T1C_03,606,SHSY5Y,neuroblastoma,TDP43 KO,brain,/,,PXD001668,0,0,0,0
32139,1855,T1C_04,606,SHSY5Y,neuroblastoma,TDP43 KO,brain,/,,PXD001668,0,0,0,0
32140,1855,T1C_05,606,SHSY5Y,neuroblastoma,TDP43 KO,brain,/,,PXD001668,0,0,0,0
32141,1855,T1C_06,606,SHSY5Y,neuroblastoma,TDP43 KO,brain,/,,PXD001668,0,0,0,0
32142,1855,T1C_07,606,SHSY5Y,neuroblastoma,TDP43 KO,brain,/,,PXD001668,0,0,0,0
32143,1855,T1C_08,606,SHSY5Y,neuroblastoma,TDP43 KO,brain,/,,PXD001668,0,0,0,0
32144,1855,T1N_01,606,SHSY5Y,neuroblastoma,TDP43 KO,brain,/,,PXD001668,0,0,0,0
32145,1855,T1N_02,606,SHSY5Y,neuroblastoma,TDP43 KO,brain,/,,PXD001668,0,0,0,0
32146,1855,T1N_03,606,SHSY5Y,neuroblastoma,TDP43 KO,brain,/,,PXD001668,0,0,0,0
32147,1855,T1N_04,606,SHSY5Y,neuroblastoma,TDP43 KO,brain,/,,PXD001668,0,0,0,0
32148,1855,T1N_05,606,SHSY5Y,neuroblastoma,TDP43 KO,brain,/,,PXD001668,0,0,0,0
32149,1855,T1N_06,606,SHSY5Y,neuroblastoma,TDP43 KO,brain,/,,PXD001668,0,0,0,0
32150,1855,T1N_07,606,SHSY5Y,neuroblastoma,TDP43 KO,brain,/,,PXD001668,0,0,0,0
32151,1855,T1N_08,606,SHSY5Y,neuroblastoma,TDP43 KO,brain,/,,PXD001668,0,0,0,0
32152,1855,T2C_01,606,SHSY5Y,neuroblastoma,TDP43 KO,brain,/,,PXD001668,0,0,0,0
32153,1855,T2C_02,606,SHSY5Y,neuroblastoma,TDP43 KO,brain,/,,PXD001668,0,0,0,0
32154,1855,T2C_03,606,SHSY5Y,neuroblastoma,TDP43 KO,brain,/,,PXD001668,0,0,0,0
32155,1855,T2C_04,606,SHSY5Y,neuroblastoma,TDP43 KO,brain,/,,PXD001668,0,0,0,0
32156,1855,T2C_05,606,SHSY5Y,neuroblastoma,TDP43 KO,brain,/,,PXD001668,0,0,0,0
32157,1855,T2C_06,606,SHSY5Y,neuroblastoma,TDP43 KO,brain,/,,PXD001668,0,0,0,0
32158,1855,T2C_07,606,SHSY5Y,neuroblastoma,TDP43 KO,brain,/,,PXD001668,0,0,0,0
32159,1855,T2C_08,606,SHSY5Y,neuroblastoma,TDP43 KO,brain,/,,PXD001668,0,0,0,0
32160,1855,T2N_01,606,SHSY5Y,neuroblastoma,TDP43 KO,brain,/,,PXD001668,0,0,0,0
32161,1855,T2N_02,606,SHSY5Y,neuroblastoma,TDP43 KO,brain,/,,PXD001668,0,0,0,0
32162,1855,T2N_03,606,SHSY5Y,neuroblastoma,TDP43 KO,brain,/,,PXD001668,0,0,0,0
32163,1855,T2N_04,606,SHSY5Y,neuroblastoma,TDP43 KO,brain,/,,PXD001668,0,0,0,0
32164,1855,T2N_05,606,SHSY5Y,neuroblastoma,TDP43 KO,brain,/,,PXD001668,0,0,0,0
32165,1855,T2N_06,606,SHSY5Y,neuroblastoma,TDP43 KO,brain,/,,PXD001668,0,0,0,0
32166,1855,T2N_07,606,SHSY5Y,neuroblastoma,TDP43 KO,brain,/,,PXD001668,0,0,0,0
32167,1855,T2N_08,606,SHSY5Y,neuroblastoma,TDP43 KO,brain,/,,PXD001668,0,0,0,0
32168,1855,T3C_01,606,SHSY5Y,neuroblastoma,TDP43 KO,brain,/,,PXD001668,0,0,0,0
32169,1855,T3C_02,606,SHSY5Y,neuroblastoma,TDP43 KO,brain,/,,PXD001668,0,0,0,0
32170,1855,T3C_03,606,SHSY5Y,neuroblastoma,TDP43 KO,brain,/,,PXD001668,0,0,0,0
32171,1855,T3C_04,606,SHSY5Y,neuroblastoma,TDP43 KO,brain,/,,PXD001668,0,0,0,0
32172,1855,T3C_05,606,SHSY5Y,neuroblastoma,TDP43 KO,brain,/,,PXD001668,0,0,0,0
32173,1855,T3C_06,606,SHSY5Y,neuroblastoma,TDP43 KO,brain,/,,PXD001668,0,0,0,0
32174,1855,T3C_07,606,SHSY5Y,neuroblastoma,TDP43 KO,brain,/,,PXD001668,0,0,0,0
32175,1855,T3C_08,606,SHSY5Y,neuroblastoma,TDP43 KO,brain,/,,PXD001668,0,0,0,0
32176,1855,T3N_01,606,SHSY5Y,neuroblastoma,TDP43 KO,brain,/,,PXD001668,0,0,0,0
32177,1855,T3N_02,606,SHSY5Y,neuroblastoma,TDP43 KO,brain,/,,PXD001668,0,0,0,0
32178,1855,T3N_03,606,SHSY5Y,neuroblastoma,TDP43 KO,brain,/,,PXD001668,0,0,0,0
32179,1855,T3N_04,606,SHSY5Y,neuroblastoma,TDP43 KO,brain,/,,PXD001668,0,0,0,0
32180,1855,T3N_05,606,SHSY5Y,neuroblastoma,TDP43 KO,brain,/,,PXD001668,0,0,0,0
32181,1855,T3N_06,606,SHSY5Y,neuroblastoma,TDP43 KO,brain,/,,PXD001668,0,0,0,0
32182,1855,T3N_07,606,SHSY5Y,neuroblastoma,TDP43 KO,brain,/,,PXD001668,0,0,0,0
32183,1855,T3N_08,606,SHSY5Y,neuroblastoma,TDP43 KO,brain,/,,PXD001668,0,0,0,0
32371,1865,151019_Q_Hela_01_01_1ug_50cm_CID_IT_EasySpray_90min_rep,578,HeLa,adenocarcinoma,/,cervix,/,,PXD004940,0,0,0,0
32372,1865,151019_Q_Hela_01_02_1ug_50cm_CID_IT_EasySpray_90min,578,HeLa,adenocarcinoma,/,cervix,/,,PXD004940,0,0,0,0
32373,1865,151019_Q_Hela_01_03_1ug_50cm_CID_IT_EasySpray_90min,578,HeLa,adenocarcinoma,/,cervix,/,,PXD004940,0,0,0,0
32380,1865,151117_Q_Hela_01_01_1ug_50cm_HCD_IT_EasySpray_60min,578,HeLa,adenocarcinoma,/,cervix,/,,PXD004940,0,0,0,0
32381,1865,151117_Q_Hela_01_02_1ug_50cm_HCD_IT_EasySpray_60min,578,HeLa,adenocarcinoma,/,cervix,/,,PXD004940,226,0,0,0
32382,1865,151117_Q_Hela_01_03_1ug_50cm_HCD_IT_EasySpray_60min,578,HeLa,adenocarcinoma,/,cervix,/,,PXD004940,0,0,0,0
32383,1865,151117_Q_Hela_03_01_1ug_50cm_HCD_IT_EasySpray_120min,578,HeLa,adenocarcinoma,/,cervix,/,,PXD004940,0,0,0,0
32384,1865,151117_Q_Hela_03_02_1ug_50cm_HCD_IT_EasySpray_120min,578,HeLa,adenocarcinoma,/,cervix,/,,PXD004940,91,0,0,0
32385,1865,151117_Q_Hela_03_03_1ug_50cm_HCD_IT_EasySpray_120min,578,HeLa,adenocarcinoma,/,cervix,/,,PXD004940,0,0,0,0
32386,1865,151118_Q_Hela_01_01_50cm_HCD_IT_EasySpray_90min_100ng,578,HeLa,adenocarcinoma,/,cervix,/,,PXD004940,0,0,0,0
32387,1865,151118_Q_Hela_01_02_50cm_HCD_IT_EasySpray_90min_100ng,578,HeLa,adenocarcinoma,/,cervix,/,,PXD004940,0,0,0,0
32388,1865,151118_Q_Hela_01_03_50cm_HCD_IT_EasySpray_90min_100ng,578,HeLa,adenocarcinoma,/,cervix,/,,PXD004940,0,0,0,0
32389,1865,151118_Q_Hela_02_01_50cm_HCD_IT_EasySpray_90min_250ng,578,HeLa,adenocarcinoma,/,cervix,/,,PXD004940,0,0,0,0
32390,1865,151118_Q_Hela_02_02_50cm_HCD_IT_EasySpray_90min_250ng,578,HeLa,adenocarcinoma,/,cervix,/,,PXD004940,0,0,0,0
32391,1865,151118_Q_Hela_02_03_50cm_HCD_IT_EasySpray_90min_250ng,578,HeLa,adenocarcinoma,/,cervix,/,,PXD004940,0,0,0,0
32392,1865,151118_Q_Hela_03_01_50cm_HCD_IT_EasySpray_90min_500ng,578,HeLa,adenocarcinoma,/,cervix,/,,PXD004940,0,0,0,0
32393,1865,151118_Q_Hela_03_02_50cm_HCD_IT_EasySpray_90min_500ng,578,HeLa,adenocarcinoma,/,cervix,/,,PXD004940,0,0,0,0
32394,1865,151118_Q_Hela_03_03_50cm_HCD_IT_EasySpray_90min_500ng,578,HeLa,adenocarcinoma,/,cervix,/,,PXD004940,0,0,0,0
32395,1865,151118_Q_Hela_04_01_50cm_HCD_IT_EasySpray_90min_750ng,578,HeLa,adenocarcinoma,/,cervix,/,,PXD004940,0,0,0,0
32396,1865,151118_Q_Hela_04_02_50cm_HCD_IT_EasySpray_90min_750ng,578,HeLa,adenocarcinoma,/,cervix,/,,PXD004940,0,0,0,0
32397,1865,151118_Q_Hela_04_03_50cm_HCD_IT_EasySpray_90min_750ng,578,HeLa,adenocarcinoma,/,cervix,/,,PXD004940,0,0,0,0
32398,1865,151118_Q_Hela_05_01_50cm_HCD_IT_EasySpray_90min_1000ng,578,HeLa,adenocarcinoma,/,cervix,/,,PXD004940,0,0,0,0
32399,1865,151118_Q_Hela_05_02_50cm_HCD_IT_EasySpray_90min_1000ng,578,HeLa,adenocarcinoma,/,cervix,/,,PXD004940,0,0,0,0
32400,1865,151118_Q_Hela_05_03_50cm_HCD_IT_EasySpray_90min_1000ng,578,HeLa,adenocarcinoma,/,cervix,/,,PXD004940,0,0,0,0
32401,1865,151118_Q_Hela_06_01_50cm_HCD_IT_EasySpray_90min_2000ng,578,HeLa,adenocarcinoma,/,cervix,/,,PXD004940,0,0,0,0
32402,1865,151118_Q_Hela_06_01_50cm_HCD_IT_EasySpray_90min_4000ng,578,HeLa,adenocarcinoma,/,cervix,/,,PXD004940,0,0,0,0
32403,1865,151118_Q_Hela_06_02_50cm_HCD_IT_EasySpray_90min_2000ng,578,HeLa,adenocarcinoma,/,cervix,/,,PXD004940,0,0,0,0
32404,1865,151118_Q_Hela_06_02_50cm_HCD_IT_EasySpray_90min_4000ng,578,HeLa,adenocarcinoma,/,cervix,/,,PXD004940,0,0,0,0
32405,1865,151118_Q_Hela_06_03_50cm_HCD_IT_EasySpray_90min_2000ng,578,HeLa,adenocarcinoma,/,cervix,/,,PXD004940,0,0,0,0
32406,1865,151118_Q_Hela_06_03_50cm_HCD_IT_EasySpray_90min_4000ng,578,HeLa,adenocarcinoma,/,cervix,/,,PXD004940,0,0,0,0
32407,1865,151119_Q_Hela_01_01_1ug_50cm_HCD_IT_EasySpray_240min_3_ACN,578,HeLa,adenocarcinoma,/,cervix,/,,PXD004940,112,0,0,0
32408,1865,151119_Q_Hela_01_02_1ug_50cm_HCD_IT_EasySpray_240min_3_ACN,578,HeLa,adenocarcinoma,/,cervix,/,,PXD004940,0,0,0,0
32409,1865,151119_Q_Hela_01_03_1ug_50cm_HCD_IT_EasySpray_240min_3_ACN,578,HeLa,adenocarcinoma,/,cervix,/,,PXD004940,0,0,0,0
32410,1865,160719_Q_QC2H_ESES_01_01_Hela_1ug_1e5,578,HeLa,adenocarcinoma,/,cervix,/,,PXD004940,0,0,0,0
32411,1865,160719_S_ESES_01_02_Hela_1ug_1e5,578,HeLa,adenocarcinoma,/,cervix,/,,PXD004940,0,0,0,0
32412,1865,160719_S_ESES_01_03_Hela_1ug_1e5,578,HeLa,adenocarcinoma,/,cervix,/,,PXD004940,0,0,0,0
32413,1865,160719_S_ESES_02_01_Hela_1ug_4e5,578,HeLa,adenocarcinoma,/,cervix,/,,PXD004940,0,0,0,0
32414,1865,160719_S_ESES_02_02_Hela_1ug_4e5,578,HeLa,adenocarcinoma,/,cervix,/,,PXD004940,0,0,0,0
32415,1865,160719_S_ESES_02_03_Hela_1ug_4e5,578,HeLa,adenocarcinoma,/,cervix,/,,PXD004940,0,0,0,0
32663,1871,20150708_QE3_UPLC8_DBJ_QC_HELA_39frac_Chymotrypsin_10,578,HeLa,adenocarcinoma,/,cervix,/,,PXD004452,568,0,0,0
32664,1871,20150708_QE3_UPLC8_DBJ_QC_HELA_39frac_Chymotrypsin_11,578,HeLa,adenocarcinoma,/,cervix,/,,PXD004452,276,0,0,0
32665,1871,20150708_QE3_UPLC8_DBJ_QC_HELA_39frac_Chymotrypsin_12,578,HeLa,adenocarcinoma,/,cervix,/,,PXD004452,142,0,0,0
32666,1871,20150708_QE3_UPLC8_DBJ_QC_HELA_39frac_Chymotrypsin_13,578,HeLa,adenocarcinoma,/,cervix,/,,PXD004452,91,0,0,0
32667,1871,20150708_QE3_UPLC8_DBJ_QC_HELA_39frac_Chymotrypsin_14,578,HeLa,adenocarcinoma,/,cervix,/,,PXD004452,573,0,0,0
32668,1871,20150708_QE3_UPLC8_DBJ_QC_HELA_39frac_Chymotrypsin_15,578,HeLa,adenocarcinoma,/,cervix,/,,PXD004452,459,0,0,0
32669,1871,20150708_QE3_UPLC8_DBJ_QC_HELA_39frac_Chymotrypsin_16,578,HeLa,adenocarcinoma,/,cervix,/,,PXD004452,210,0,0,0
32670,1871,20150708_QE3_UPLC8_DBJ_QC_HELA_39frac_Chymotrypsin_17,578,HeLa,adenocarcinoma,/,cervix,/,,PXD004452,0,0,0,0
32671,1871,20150708_QE3_UPLC8_DBJ_QC_HELA_39frac_Chymotrypsin_18,578,HeLa,adenocarcinoma,/,cervix,/,,PXD004452,204,0,0,0
32672,1871,20150708_QE3_UPLC8_DBJ_QC_HELA_39frac_Chymotrypsin_19,578,HeLa,adenocarcinoma,/,cervix,/,,PXD004452,279,0,0,0
32673,1871,20150708_QE3_UPLC8_DBJ_QC_HELA_39frac_Chymotrypsin_2,578,HeLa,adenocarcinoma,/,cervix,/,,PXD004452,344,0,0,0
32061,1854,A13-01201,596,HEK293,healthy,/,kidney,/,,PXD001511,0,0,0,0
32062,1854,A13-01202,596,HEK293,healthy,/,kidney,/,,PXD001511,0,0,0,0
32063,1854,A13-01203,596,HEK293,healthy,/,kidney,/,,PXD001511,0,0,0,0
32064,1854,A13-01210,596,HEK293,healthy,/,kidney,/,,PXD001511,0,0,0,0
32065,1854,A13-01211,596,HEK293,healthy,/,kidney,/,,PXD001511,0,0,0,0
32066,1854,A13-01212,596,HEK293,healthy,/,kidney,/,,PXD001511,0,0,0,0
32067,1854,A13-01214,596,HEK293,healthy,/,kidney,/,,PXD001511,0,0,0,0
32068,1854,A13-01215,596,HEK293,healthy,/,kidney,/,,PXD001511,0,0,0,0
32069,1854,A13-01216,596,HEK293,healthy,/,kidney,/,,PXD001511,0,0,0,0
32070,1854,A13-01218,596,HEK293,healthy,/,kidney,/,,PXD001511,0,0,0,0
32071,1854,A13-01219,596,HEK293,healthy,/,kidney,/,,PXD001511,0,0,0,0
32072,1854,A13-01220,596,HEK293,healthy,/,kidney,/,,PXD001511,0,0,0,0
32073,1854,A13-01222,596,HEK293,healthy,/,kidney,/,,PXD001511,0,0,0,0
32074,1854,A13-01223,596,HEK293,healthy,/,kidney,/,,PXD001511,0,0,0,0
32075,1854,A13-01224,596,HEK293,healthy,/,kidney,/,,PXD001511,0,0,0,0
32076,1854,A15-03059,596,HEK293,healthy,/,kidney,/,,PXD001511,0,0,0,0
32077,1854,A15-03060,596,HEK293,healthy,/,kidney,/,,PXD001511,0,0,0,0
32078,1854,A15-03061,596,HEK293,healthy,/,kidney,/,,PXD001511,0,0,0,0
32079,1854,A15-03063,596,HEK293,healthy,/,kidney,/,,PXD001511,0,0,0,0
32080,1854,A15-03064,596,HEK293,healthy,/,kidney,/,,PXD001511,0,0,0,0
32081,1854,A15-03065,596,HEK293,healthy,/,kidney,/,,PXD001511,0,0,0,0
32082,1854,A15-03067,596,HEK293,healthy,/,kidney,/,,PXD001511,0,0,0,0
32083,1854,A15-03068,596,HEK293,healthy,/,kidney,/,,PXD001511,0,0,0,0
32084,1854,A15-03069,596,HEK293,healthy,/,kidney,/,,PXD001511,0,0,0,0
32085,1854,A15-03071,596,HEK293,healthy,/,kidney,/,,PXD001511,0,0,0,0
32086,1854,A15-03072,596,HEK293,healthy,/,kidney,/,,PXD001511,0,0,0,0
32087,1854,A15-03073,596,HEK293,healthy,/,kidney,/,,PXD001511,0,0,0,0
32297,1860,102214_SC_HEK293_25ug_HCD_FTMS_MS2_01,596,HEK293,healthy,/,kidney,/,,PXD003896,141,0,0,0
32309,1861,fr_opt_n01_r01,596,HEK293,healthy,/,kidney,/,,PXD002613,583,0,0,0
32310,1861,fr_opt_n01_r02,596,HEK293,healthy,/,kidney,/,,PXD002613,374,0,0,0
32311,1861,fr_opt_n01_r03,596,HEK293,healthy,/,kidney,/,,PXD002613,293,0,0,0
32312,1861,fr_opt_n02_r01,596,HEK293,healthy,/,kidney,/,,PXD002613,1368,0,0,0
32319,1861,fr_opt_n04_r02,596,HEK293,healthy,/,kidney,/,,PXD002613,0,0,0,0
32320,1861,fr_opt_n04_r03,596,HEK293,healthy,/,kidney,/,,PXD002613,0,0,0,0
32322,1861,fr_opt_n05_r02,596,HEK293,healthy,/,kidney,/,,PXD002613,0,0,0,0
32323,1861,fr_opt_n05_r03,596,HEK293,healthy,/,kidney,/,,PXD002613,0,0,0,0
31979,1849,MCF7_1,597,MCF7,adenocarcinoma,insulin,breast,/,,PXD004051,0,0,0,0
31980,1849,MCF7_10,597,MCF7,adenocarcinoma,insulin,breast,/,,PXD004051,0,0,0,0
31981,1849,MCF7_11,597,MCF7,adenocarcinoma,insulin,breast,/,,PXD004051,0,0,0,0
31982,1849,MCF7_12,597,MCF7,adenocarcinoma,insulin,breast,/,,PXD004051,0,0,0,0
31983,1849,MCF7_13,597,MCF7,adenocarcinoma,insulin,breast,/,,PXD004051,0,0,0,0
31984,1849,MCF7_14,597,MCF7,adenocarcinoma,insulin,breast,/,,PXD004051,0,0,0,0
31985,1849,MCF7_15,597,MCF7,adenocarcinoma,insulin,breast,/,,PXD004051,0,0,0,0
31986,1849,MCF7_16,597,MCF7,adenocarcinoma,insulin,breast,/,,PXD004051,0,0,0,0
31987,1849,MCF7_2,597,MCF7,adenocarcinoma,insulin,breast,/,,PXD004051,0,0,0,0
31988,1849,MCF7_3,597,MCF7,adenocarcinoma,insulin,breast,/,,PXD004051,0,0,0,0
31989,1849,MCF7_4,597,MCF7,adenocarcinoma,insulin,breast,/,,PXD004051,0,0,0,0
31990,1849,MCF7_5,597,MCF7,adenocarcinoma,insulin,breast,/,,PXD004051,0,0,0,0
31991,1849,MCF7_6,597,MCF7,adenocarcinoma,insulin,breast,/,,PXD004051,0,0,0,0
31992,1849,MCF7_7,597,MCF7,adenocarcinoma,insulin,breast,/,,PXD004051,0,0,0,0
31993,1849,MCF7_8,597,MCF7,adenocarcinoma,insulin,breast,/,,PXD004051,0,0,0,0
31994,1849,MCF7_9,597,MCF7,adenocarcinoma,insulin,breast,/,,PXD004051,0,0,0,0
31995,1850,old1_2h,598,MSC,/,/,/,old,,PXD001952,0,0,0,0
31996,1850,old2_2h,598,MSC,/,/,/,old,,PXD001952,0,0,0,0
31997,1850,old3_2h,598,MSC,/,/,/,old,,PXD001952,0,0,0,0
31998,1850,old4_2h,598,MSC,/,/,/,old,,PXD001952,0,0,0,0
31999,1850,y3_2h,599,MSC,/,/,/,young,,PXD001952,0,0,0,0
32000,1850,y4_2h,599,MSC,/,/,/,young,,PXD001952,0,0,0,0
32001,1850,y5_2h,599,MSC,/,/,/,young,,PXD001952,0,0,0,0
32002,1850,y6_2h,599,MSC,/,/,/,young,,PXD001952,0,0,0,0
32039,1852,A10-07080,601,U2OS,osteosarcoma,/,bone,/,,PXD002117,0,0,0,0
32040,1852,A10-07081,601,U2OS,osteosarcoma,/,bone,/,,PXD002117,0,0,0,0
32041,1852,A10-07082,601,U2OS,osteosarcoma,/,bone,/,,PXD002117,0,0,0,0
32042,1852,A10-07083,601,U2OS,osteosarcoma,/,bone,/,,PXD002117,0,0,0,0
32043,1852,A10-07085,601,U2OS,osteosarcoma,/,bone,/,,PXD002117,0,0,0,0
32044,1852,A10-07086,601,U2OS,osteosarcoma,/,bone,/,,PXD002117,0,0,0,0
32045,1852,A10-07087,601,U2OS,osteosarcoma,/,bone,/,,PXD002117,0,0,0,0
32046,1852,A10-07088,601,U2OS,osteosarcoma,/,bone,/,,PXD002117,0,0,0,0
32047,1852,A10-07090,601,U2OS,osteosarcoma,/,bone,/,,PXD002117,0,0,0,0
32048,1852,A10-07091,601,U2OS,osteosarcoma,/,bone,/,,PXD002117,0,0,0,0
32049,1852,A10-07092,601,U2OS,osteosarcoma,/,bone,/,,PXD002117,0,0,0,0
32050,1852,A10-07093,601,U2OS,osteosarcoma,/,bone,/,,PXD002117,0,0,0,0
32051,1852,A10-07095,601,U2OS,osteosarcoma,/,bone,/,,PXD002117,0,0,0,0
32052,1852,A10-07096,601,U2OS,osteosarcoma,/,bone,/,,PXD002117,0,0,0,0
32053,1852,A10-07097,601,U2OS,osteosarcoma,/,bone,/,,PXD002117,0,0,0,0
32054,1852,A10-07099,601,U2OS,osteosarcoma,/,bone,/,,PXD002117,0,0,0,0
32055,1852,A10-07100,601,U2OS,osteosarcoma,/,bone,/,,PXD002117,0,0,0,0
32056,1852,A10-07101,601,U2OS,osteosarcoma,/,bone,/,,PXD002117,0,0,0,0
32057,1853,160122_iho_A4_2D_cell,602,MSC,/,activated,/,/,,PXD006653,0,0,0,0
32058,1853,160122_iho_A4_3D_cell,603,MSC,/,actviated,/,spheroid,,PXD006653,0,0,0,0
32059,1853,160122_iho_N5_2D_cell,604,MSC,/,/,/,/,,PXD006653,0,0,0,0
32060,1853,160122_iho_N5_3D_cell,605,MSC,/,/,/,spheroid,,PXD006653,0,0,0,0
32229,1858,OrbiElite05254,612,RCMH,transformed,/,skeletal muscle,/,,PXD001974,0,0,0,0
32230,1858,OrbiElite05245,612,RCMH,transformed,/,skeletal muscle,/,,PXD001974,0,0,0,0
32231,1858,OrbiElite05253,612,RCMH,transformed,/,skeletal muscle,/,,PXD001974,0,0,0,0
32232,1858,OrbiElite05251,612,RCMH,transformed,/,skeletal muscle,/,,PXD001974,0,0,0,0
32233,1858,OrbiElite05239,612,RCMH,transformed,/,skeletal muscle,/,,PXD001974,0,0,0,0
32234,1858,OrbiElite05250,612,RCMH,transformed,/,skeletal muscle,/,,PXD001974,0,0,0,0
32235,1858,OrbiElite05243,612,RCMH,transformed,/,skeletal muscle,/,,PXD001974,0,0,0,0
32236,1858,OrbiElite05252,612,RCMH,transformed,/,skeletal muscle,/,,PXD001974,0,0,0,0
32237,1858,OrbiElite05244,612,RCMH,transformed,/,skeletal muscle,/,,PXD001974,0,0,0,0
32238,1858,OrbiElite05242,612,RCMH,transformed,/,skeletal muscle,/,,PXD001974,0,0,0,0
32239,1858,OrbiElite05240,612,RCMH,transformed,/,skeletal muscle,/,,PXD001974,0,0,0,0
32240,1858,OrbiElite05248,612,RCMH,transformed,/,skeletal muscle,/,,PXD001974,0,0,0,0
32241,1858,OrbiElite05249,612,RCMH,transformed,/,skeletal muscle,/,,PXD001974,0,0,0,0
32242,1858,OrbiElite05246,612,RCMH,transformed,/,skeletal muscle,/,,PXD001974,0,0,0,0
32243,1858,OrbiElite05255,612,RCMH,transformed,/,skeletal muscle,/,,PXD001974,0,0,0,0
32244,1858,OrbiElite05241,612,RCMH,transformed,/,skeletal muscle,/,,PXD001974,0,0,0,0
32252,1859,PT4530-16,613,iPSC,healthy,/,fibroblast,HPSI0713i-darw,,PXD003903,413,0,0,0
32343,1862,OV01534,617,SKNBE2,neuroblastoma,hsa-miR-183,brain,BE2C,,PXD003596,0,0,0,0
32345,1862,OV01538,617,SKNBE2,neuroblastoma,hsa-miR-183,brain,BE2C,,PXD003596,0,0,0,0
32347,1862,OV01542,617,SKNBE2,neuroblastoma,hsa-miR-183,brain,BE2C,,PXD003596,0,0,0,0
32349,1862,OV01548,617,SKNBE2,neuroblastoma,hsa-miR-183,brain,BE2C,,PXD003596,0,0,0,0
32351,1862,OV01552,617,SKNBE2,neuroblastoma,hsa-miR-183,brain,BE2C,,PXD003596,0,0,0,0
32353,1862,OV01560,617,SKNBE2,neuroblastoma,hsa-miR-183,brain,BE2C,,PXD003596,0,0,0,0
32344,1862,OV01536,618,SKNBE2,neuroblastoma,/,brain,BE2C,,PXD003596,0,0,0,0
32346,1862,OV01540,618,SKNBE2,neuroblastoma,/,brain,BE2C,,PXD003596,0,0,0,0
32348,1862,OV01544,618,SKNBE2,neuroblastoma,/,brain,BE2C,,PXD003596,0,0,0,0
32350,1862,OV01550,618,SKNBE2,neuroblastoma,/,brain,BE2C,,PXD003596,0,0,0,0
32352,1862,OV01554,618,SKNBE2,neuroblastoma,/,brain,BE2C,,PXD003596,0,0,0,0
32354,1862,OV01562,618,SKNBE2,neuroblastoma,/,brain,BE2C,,PXD003596,0,0,0,0
32422,1867,Seq44762_QE2,620,/,/,/,/,/,,PXD003790,0,0,0,0
32423,1867,Seq44763_QE2,620,/,/,/,/,/,,PXD003790,0,0,0,0
32424,1867,Seq44764_QE2,620,/,/,/,/,/,,PXD003790,81,0,0,0
32425,1867,Seq44765_QE2,620,/,/,/,/,/,,PXD003790,72,0,0,0
32426,1867,Seq44766_QE2,620,/,/,/,/,/,,PXD003790,63,0,0,0
32427,1867,Seq44767_QE2,620,/,/,/,/,/,,PXD003790,0,0,0,0
32428,1867,Seq44768_QE2,620,/,/,/,/,/,,PXD003790,93,0,0,0
32429,1867,Seq44769_QE2,620,/,/,/,/,/,,PXD003790,0,0,0,0
32434,1867,Seq44774_QE2,620,/,/,/,/,/,,PXD003790,238,0,0,0
32435,1867,Seq44775_QE2,620,/,/,/,/,/,,PXD003790,825,0,0,0
32436,1867,Seq44776_QE2,620,/,/,/,/,/,,PXD003790,102,0,0,0
32437,1867,Seq44777_QE2,620,/,/,/,/,/,,PXD003790,0,0,0,0
