#category	term ID	term description	observed gene count	background gene count	strength	false discovery rate	matching proteins in your network (IDs)	matching proteins in your network (labels)
GO Process	GO:2000573	Positive regulation of DNA biosynthetic process	6	70	1.86	3.43e-06	9606.ENSP00000258091,9606.ENSP00000286788,9606.ENSP00000335153,9606.ENSP00000368458,9606.ENSP00000375978,9606.ENSP00000377958	CCT7,CCT8,HSP90AA1,PCNA,XRCC5,CCT4
GO Process	GO:0032212	Positive regulation of telomere maintenance via telomerase	4	34	2.0	0.00044	9606.ENSP00000258091,9606.ENSP00000286788,9606.ENSP00000375978,9606.ENSP00000377958	CCT7,CCT8,XRCC5,CCT4
GO Process	GO:1904851	Positive regulation of establishment of protein localization to telomere	3	10	2.41	0.00086	9606.ENSP00000258091,9606.ENSP00000286788,9606.ENSP00000377958	CCT7,CCT8,CCT4
GO Process	GO:1904871	Positive regulation of protein localization to Cajal body	3	11	2.37	0.00087	9606.ENSP00000258091,9606.ENSP00000286788,9606.ENSP00000377958	CCT7,CCT8,CCT4
GO Process	GO:0016032	Viral process	8	776	0.94	0.00095	9606.ENSP00000249923,9606.ENSP00000322439,9606.ENSP00000335153,9606.ENSP00000346762,9606.ENSP00000358140,9606.ENSP00000368458,9606.ENSP00000375978,9606.ENSP00000411825	COPB1,TUFM,HSP90AA1,SND1,EIF3A,PCNA,XRCC5,PDCD6IP
GO Process	GO:0043312	Neutrophil degranulation	7	484	1.09	0.00095	9606.ENSP00000249923,9606.ENSP00000253792,9606.ENSP00000261712,9606.ENSP00000286788,9606.ENSP00000307940,9606.ENSP00000335153,9606.ENSP00000375978	COPB1,ACLY,PSMD11,CCT8,EEF2,HSP90AA1,XRCC5
GO Process	GO:1904874	Positive regulation of telomerase RNA localization to Cajal body	3	15	2.23	0.00095	9606.ENSP00000258091,9606.ENSP00000286788,9606.ENSP00000377958	CCT7,CCT8,CCT4
GO Process	GO:0051973	Positive regulation of telomerase activity	3	36	1.85	0.0046	9606.ENSP00000335153,9606.ENSP00000375978,9606.ENSP00000377958	HSP90AA1,XRCC5,CCT4
GO Process	GO:0007339	Binding of sperm to zona pellucida	3	37	1.84	0.0048	9606.ENSP00000258091,9606.ENSP00000286788,9606.ENSP00000377958	CCT7,CCT8,CCT4
GO Process	GO:1901998	Toxin transport	3	41	1.79	0.0063	9606.ENSP00000258091,9606.ENSP00000286788,9606.ENSP00000377958	CCT7,CCT8,CCT4
GO Process	GO:0051649	Establishment of localization in cell	11	2375	0.6	0.0094	9606.ENSP00000249923,9606.ENSP00000253792,9606.ENSP00000260665,9606.ENSP00000261712,9606.ENSP00000262982,9606.ENSP00000263168,9606.ENSP00000286788,9606.ENSP00000307940,9606.ENSP00000312066,9606.ENSP00000335153,9606.ENSP00000375978	COPB1,ACLY,LRPPRC,PSMD11,CSE1L,CAPZA1,CCT8,EEF2,SRP68,HSP90AA1,XRCC5
GO Process	GO:0051641	Cellular localization	12	2967	0.54	0.0119	9606.ENSP00000249923,9606.ENSP00000253792,9606.ENSP00000260665,9606.ENSP00000261712,9606.ENSP00000262982,9606.ENSP00000263168,9606.ENSP00000286788,9606.ENSP00000307940,9606.ENSP00000312066,9606.ENSP00000335153,9606.ENSP00000364721,9606.ENSP00000375978	COPB1,ACLY,LRPPRC,PSMD11,CSE1L,CAPZA1,CCT8,EEF2,SRP68,HSP90AA1,MAPRE1,XRCC5
GO Process	GO:0006955	Immune response	9	1588	0.68	0.0132	9606.ENSP00000217426,9606.ENSP00000249923,9606.ENSP00000253792,9606.ENSP00000261712,9606.ENSP00000263168,9606.ENSP00000286788,9606.ENSP00000307940,9606.ENSP00000335153,9606.ENSP00000375978	AHCY,COPB1,ACLY,PSMD11,CAPZA1,CCT8,EEF2,HSP90AA1,XRCC5
GO Process	GO:0050821	Protein stabilization	4	186	1.26	0.0188	9606.ENSP00000258091,9606.ENSP00000286788,9606.ENSP00000335153,9606.ENSP00000377958	CCT7,CCT8,HSP90AA1,CCT4
GO Process	GO:0006810	Transport	14	4353	0.44	0.0202	9606.ENSP00000249923,9606.ENSP00000253792,9606.ENSP00000258091,9606.ENSP00000260665,9606.ENSP00000261712,9606.ENSP00000262982,9606.ENSP00000263168,9606.ENSP00000286788,9606.ENSP00000307940,9606.ENSP00000312066,9606.ENSP00000335153,9606.ENSP00000375978,9606.ENSP00000377958,9606.ENSP00000411825	COPB1,ACLY,CCT7,LRPPRC,PSMD11,CSE1L,CAPZA1,CCT8,EEF2,SRP68,HSP90AA1,XRCC5,CCT4,PDCD6IP
GO Process	GO:0010638	Positive regulation of organelle organization	6	633	0.91	0.0202	9606.ENSP00000258091,9606.ENSP00000286788,9606.ENSP00000364721,9606.ENSP00000375978,9606.ENSP00000377958,9606.ENSP00000411825	CCT7,CCT8,MAPRE1,XRCC5,CCT4,PDCD6IP
GO Process	GO:0065003	Protein-containing complex assembly	8	1293	0.72	0.0202	9606.ENSP00000261712,9606.ENSP00000263168,9606.ENSP00000286788,9606.ENSP00000335153,9606.ENSP00000358140,9606.ENSP00000364721,9606.ENSP00000375978,9606.ENSP00000411825	PSMD11,CAPZA1,CCT8,HSP90AA1,EIF3A,MAPRE1,XRCC5,PDCD6IP
GO Process	GO:0006457	Protein folding	4	213	1.2	0.0257	9606.ENSP00000258091,9606.ENSP00000286788,9606.ENSP00000335153,9606.ENSP00000377958	CCT7,CCT8,HSP90AA1,CCT4
GO Process	GO:0034641	Cellular nitrogen compound metabolic process	12	3282	0.49	0.0257	9606.ENSP00000216038,9606.ENSP00000217426,9606.ENSP00000231572,9606.ENSP00000253792,9606.ENSP00000307940,9606.ENSP00000322439,9606.ENSP00000335153,9606.ENSP00000346762,9606.ENSP00000358140,9606.ENSP00000368458,9606.ENSP00000375978,9606.ENSP00000419851	RTCB,AHCY,RARS,ACLY,EEF2,TUFM,HSP90AA1,SND1,EIF3A,PCNA,XRCC5,GMPS
GO Process	GO:0044419	Interspecies interaction between organisms	9	1899	0.61	0.0388	9606.ENSP00000249923,9606.ENSP00000263168,9606.ENSP00000322439,9606.ENSP00000335153,9606.ENSP00000346762,9606.ENSP00000358140,9606.ENSP00000368458,9606.ENSP00000375978,9606.ENSP00000411825	COPB1,CAPZA1,TUFM,HSP90AA1,SND1,EIF3A,PCNA,XRCC5,PDCD6IP
GO Process	GO:0010564	Regulation of cell cycle process	6	760	0.83	0.0421	9606.ENSP00000261712,9606.ENSP00000335153,9606.ENSP00000346762,9606.ENSP00000364721,9606.ENSP00000368458,9606.ENSP00000411825	PSMD11,HSP90AA1,SND1,MAPRE1,PCNA,PDCD6IP
GO Process	GO:0044271	Cellular nitrogen compound biosynthetic process	8	1522	0.65	0.0476	9606.ENSP00000231572,9606.ENSP00000253792,9606.ENSP00000307940,9606.ENSP00000322439,9606.ENSP00000335153,9606.ENSP00000358140,9606.ENSP00000368458,9606.ENSP00000419851	RARS,ACLY,EEF2,TUFM,HSP90AA1,EIF3A,PCNA,GMPS
GO Function	GO:0003723	RNA binding	12	1649	0.79	0.00024	9606.ENSP00000216038,9606.ENSP00000231572,9606.ENSP00000260665,9606.ENSP00000307940,9606.ENSP00000312066,9606.ENSP00000322439,9606.ENSP00000335153,9606.ENSP00000346762,9606.ENSP00000358140,9606.ENSP00000364721,9606.ENSP00000375978,9606.ENSP00000377958	RTCB,RARS,LRPPRC,EEF2,SRP68,TUFM,HSP90AA1,SND1,EIF3A,MAPRE1,XRCC5,CCT4
GO Function	GO:0017076	Purine nucleotide binding	12	1878	0.74	0.00050	9606.ENSP00000216038,9606.ENSP00000217426,9606.ENSP00000231572,9606.ENSP00000253792,9606.ENSP00000258091,9606.ENSP00000286788,9606.ENSP00000307940,9606.ENSP00000322439,9606.ENSP00000335153,9606.ENSP00000375978,9606.ENSP00000377958,9606.ENSP00000419851	RTCB,AHCY,RARS,ACLY,CCT7,CCT8,EEF2,TUFM,HSP90AA1,XRCC5,CCT4,GMPS
GO Function	GO:0032555	Purine ribonucleotide binding	11	1864	0.7	0.0012	9606.ENSP00000216038,9606.ENSP00000231572,9606.ENSP00000253792,9606.ENSP00000258091,9606.ENSP00000286788,9606.ENSP00000307940,9606.ENSP00000322439,9606.ENSP00000335153,9606.ENSP00000375978,9606.ENSP00000377958,9606.ENSP00000419851	RTCB,RARS,ACLY,CCT7,CCT8,EEF2,TUFM,HSP90AA1,XRCC5,CCT4,GMPS
GO Function	GO:0035639	Purine ribonucleoside triphosphate binding	11	1799	0.72	0.0012	9606.ENSP00000216038,9606.ENSP00000231572,9606.ENSP00000253792,9606.ENSP00000258091,9606.ENSP00000286788,9606.ENSP00000307940,9606.ENSP00000322439,9606.ENSP00000335153,9606.ENSP00000375978,9606.ENSP00000377958,9606.ENSP00000419851	RTCB,RARS,ACLY,CCT7,CCT8,EEF2,TUFM,HSP90AA1,XRCC5,CCT4,GMPS
GO Function	GO:0045296	Cadherin binding	6	334	1.18	0.0012	9606.ENSP00000231572,9606.ENSP00000263168,9606.ENSP00000286788,9606.ENSP00000307940,9606.ENSP00000346762,9606.ENSP00000364721	RARS,CAPZA1,CCT8,EEF2,SND1,MAPRE1
GO Function	GO:0097159	Organic cyclic compound binding	18	5916	0.41	0.0012	9606.ENSP00000216038,9606.ENSP00000217426,9606.ENSP00000231572,9606.ENSP00000253792,9606.ENSP00000258091,9606.ENSP00000260665,9606.ENSP00000286788,9606.ENSP00000307940,9606.ENSP00000312066,9606.ENSP00000322439,9606.ENSP00000335153,9606.ENSP00000346762,9606.ENSP00000358140,9606.ENSP00000364721,9606.ENSP00000368458,9606.ENSP00000375978,9606.ENSP00000377958,9606.ENSP00000419851	RTCB,AHCY,RARS,ACLY,CCT7,LRPPRC,CCT8,EEF2,SRP68,TUFM,HSP90AA1,SND1,EIF3A,MAPRE1,PCNA,XRCC5,CCT4,GMPS
GO Function	GO:1901363	Heterocyclic compound binding	18	5831	0.42	0.0012	9606.ENSP00000216038,9606.ENSP00000217426,9606.ENSP00000231572,9606.ENSP00000253792,9606.ENSP00000258091,9606.ENSP00000260665,9606.ENSP00000286788,9606.ENSP00000307940,9606.ENSP00000312066,9606.ENSP00000322439,9606.ENSP00000335153,9606.ENSP00000346762,9606.ENSP00000358140,9606.ENSP00000364721,9606.ENSP00000368458,9606.ENSP00000375978,9606.ENSP00000377958,9606.ENSP00000419851	RTCB,AHCY,RARS,ACLY,CCT7,LRPPRC,CCT8,EEF2,SRP68,TUFM,HSP90AA1,SND1,EIF3A,MAPRE1,PCNA,XRCC5,CCT4,GMPS
GO Function	GO:0051082	Unfolded protein binding	4	108	1.5	0.0022	9606.ENSP00000258091,9606.ENSP00000286788,9606.ENSP00000335153,9606.ENSP00000377958	CCT7,CCT8,HSP90AA1,CCT4
GO Function	GO:0030554	Adenyl nucleotide binding	9	1534	0.7	0.0073	9606.ENSP00000217426,9606.ENSP00000231572,9606.ENSP00000253792,9606.ENSP00000258091,9606.ENSP00000286788,9606.ENSP00000335153,9606.ENSP00000375978,9606.ENSP00000377958,9606.ENSP00000419851	AHCY,RARS,ACLY,CCT7,CCT8,HSP90AA1,XRCC5,CCT4,GMPS
GO Function	GO:0005515	Protein binding	18	7026	0.34	0.0086	9606.ENSP00000216038,9606.ENSP00000217426,9606.ENSP00000231572,9606.ENSP00000258091,9606.ENSP00000260665,9606.ENSP00000262982,9606.ENSP00000263168,9606.ENSP00000286788,9606.ENSP00000307940,9606.ENSP00000312066,9606.ENSP00000335153,9606.ENSP00000346762,9606.ENSP00000358140,9606.ENSP00000364721,9606.ENSP00000368458,9606.ENSP00000375978,9606.ENSP00000377958,9606.ENSP00000411825	RTCB,AHCY,RARS,CCT7,LRPPRC,CSE1L,CAPZA1,CCT8,EEF2,SRP68,HSP90AA1,SND1,EIF3A,MAPRE1,PCNA,XRCC5,CCT4,PDCD6IP
GO Function	GO:0003676	Nucleic acid binding	13	3947	0.45	0.0250	9606.ENSP00000216038,9606.ENSP00000231572,9606.ENSP00000260665,9606.ENSP00000307940,9606.ENSP00000312066,9606.ENSP00000322439,9606.ENSP00000335153,9606.ENSP00000346762,9606.ENSP00000358140,9606.ENSP00000364721,9606.ENSP00000368458,9606.ENSP00000375978,9606.ENSP00000377958	RTCB,RARS,LRPPRC,EEF2,SRP68,TUFM,HSP90AA1,SND1,EIF3A,MAPRE1,PCNA,XRCC5,CCT4
GO Function	GO:0008135	Translation factor activity, RNA binding	3	82	1.49	0.0250	9606.ENSP00000307940,9606.ENSP00000322439,9606.ENSP00000358140	EEF2,TUFM,EIF3A
GO Function	GO:0005524	ATP binding	8	1464	0.67	0.0284	9606.ENSP00000231572,9606.ENSP00000253792,9606.ENSP00000258091,9606.ENSP00000286788,9606.ENSP00000335153,9606.ENSP00000375978,9606.ENSP00000377958,9606.ENSP00000419851	RARS,ACLY,CCT7,CCT8,HSP90AA1,XRCC5,CCT4,GMPS
GO Function	GO:0003746	Translation elongation factor activity	2	18	1.98	0.0347	9606.ENSP00000307940,9606.ENSP00000322439	EEF2,TUFM
GO Function	GO:0070182	DNA polymerase binding	2	18	1.98	0.0347	9606.ENSP00000335153,9606.ENSP00000368458	HSP90AA1,PCNA
GO Function	GO:1990782	Protein tyrosine kinase binding	3	99	1.41	0.0347	9606.ENSP00000335153,9606.ENSP00000358140,9606.ENSP00000368458	HSP90AA1,EIF3A,PCNA
GO Function	GO:0016462	Pyrophosphatase activity	6	810	0.8	0.0351	9606.ENSP00000286788,9606.ENSP00000307940,9606.ENSP00000322439,9606.ENSP00000335153,9606.ENSP00000375978,9606.ENSP00000419851	CCT8,EEF2,TUFM,HSP90AA1,XRCC5,GMPS
GO Function	GO:0044877	Protein-containing complex binding	7	1216	0.69	0.0410	9606.ENSP00000263168,9606.ENSP00000307940,9606.ENSP00000312066,9606.ENSP00000335153,9606.ENSP00000346762,9606.ENSP00000368458,9606.ENSP00000375978	CAPZA1,EEF2,SRP68,HSP90AA1,SND1,PCNA,XRCC5
GO Component	GO:0005829	Cytosol	20	5193	0.52	3.88e-06	9606.ENSP00000216038,9606.ENSP00000217426,9606.ENSP00000231572,9606.ENSP00000249923,9606.ENSP00000253792,9606.ENSP00000258091,9606.ENSP00000261712,9606.ENSP00000262982,9606.ENSP00000263168,9606.ENSP00000286788,9606.ENSP00000307940,9606.ENSP00000312066,9606.ENSP00000335153,9606.ENSP00000346762,9606.ENSP00000358140,9606.ENSP00000364721,9606.ENSP00000375978,9606.ENSP00000377958,9606.ENSP00000411825,9606.ENSP00000419851	RTCB,AHCY,RARS,COPB1,ACLY,CCT7,PSMD11,CSE1L,CAPZA1,CCT8,EEF2,SRP68,HSP90AA1,SND1,EIF3A,MAPRE1,XRCC5,CCT4,PDCD6IP,GMPS
GO Component	GO:0070062	Extracellular exosome	14	2099	0.75	7.48e-06	9606.ENSP00000217426,9606.ENSP00000231572,9606.ENSP00000253792,9606.ENSP00000258091,9606.ENSP00000262982,9606.ENSP00000263168,9606.ENSP00000286788,9606.ENSP00000307940,9606.ENSP00000322439,9606.ENSP00000335153,9606.ENSP00000346762,9606.ENSP00000368458,9606.ENSP00000377958,9606.ENSP00000411825	AHCY,RARS,ACLY,CCT7,CSE1L,CAPZA1,CCT8,EEF2,TUFM,HSP90AA1,SND1,PCNA,CCT4,PDCD6IP
GO Component	GO:0031982	Vesicle	17	3879	0.57	1.15e-05	9606.ENSP00000217426,9606.ENSP00000231572,9606.ENSP00000249923,9606.ENSP00000253792,9606.ENSP00000258091,9606.ENSP00000261712,9606.ENSP00000262982,9606.ENSP00000263168,9606.ENSP00000286788,9606.ENSP00000307940,9606.ENSP00000322439,9606.ENSP00000335153,9606.ENSP00000346762,9606.ENSP00000368458,9606.ENSP00000375978,9606.ENSP00000377958,9606.ENSP00000411825	AHCY,RARS,COPB1,ACLY,CCT7,PSMD11,CSE1L,CAPZA1,CCT8,EEF2,TUFM,HSP90AA1,SND1,PCNA,XRCC5,CCT4,PDCD6IP
GO Component	GO:0042470	Melanosome	5	104	1.61	4.28e-05	9606.ENSP00000217426,9606.ENSP00000335153,9606.ENSP00000346762,9606.ENSP00000377958,9606.ENSP00000411825	AHCY,HSP90AA1,SND1,CCT4,PDCD6IP
GO Component	GO:0005832	Chaperonin-containing T-complex	3	10	2.41	7.74e-05	9606.ENSP00000258091,9606.ENSP00000286788,9606.ENSP00000377958	CCT7,CCT8,CCT4
GO Component	GO:1904813	ficolin-1-rich granule lumen	5	125	1.53	7.74e-05	9606.ENSP00000253792,9606.ENSP00000261712,9606.ENSP00000286788,9606.ENSP00000307940,9606.ENSP00000335153	ACLY,PSMD11,CCT8,EEF2,HSP90AA1
GO Component	GO:0005576	Extracellular region	16	4166	0.51	0.00014	9606.ENSP00000217426,9606.ENSP00000231572,9606.ENSP00000253792,9606.ENSP00000258091,9606.ENSP00000261712,9606.ENSP00000262982,9606.ENSP00000263168,9606.ENSP00000286788,9606.ENSP00000307940,9606.ENSP00000322439,9606.ENSP00000335153,9606.ENSP00000346762,9606.ENSP00000368458,9606.ENSP00000375978,9606.ENSP00000377958,9606.ENSP00000411825	AHCY,RARS,ACLY,CCT7,PSMD11,CSE1L,CAPZA1,CCT8,EEF2,TUFM,HSP90AA1,SND1,PCNA,XRCC5,CCT4,PDCD6IP
GO Component	GO:0034774	Secretory granule lumen	6	324	1.2	0.00025	9606.ENSP00000253792,9606.ENSP00000261712,9606.ENSP00000286788,9606.ENSP00000307940,9606.ENSP00000335153,9606.ENSP00000375978	ACLY,PSMD11,CCT8,EEF2,HSP90AA1,XRCC5
GO Component	GO:0005874	Microtubule	6	407	1.1	0.00063	9606.ENSP00000258091,9606.ENSP00000260665,9606.ENSP00000286788,9606.ENSP00000358140,9606.ENSP00000364721,9606.ENSP00000377958	CCT7,LRPPRC,CCT8,EIF3A,MAPRE1,CCT4
GO Component	GO:0032991	Protein-containing complex	16	5073	0.43	0.0014	9606.ENSP00000216038,9606.ENSP00000231572,9606.ENSP00000249923,9606.ENSP00000258091,9606.ENSP00000260665,9606.ENSP00000261712,9606.ENSP00000263168,9606.ENSP00000286788,9606.ENSP00000307940,9606.ENSP00000312066,9606.ENSP00000335153,9606.ENSP00000346762,9606.ENSP00000358140,9606.ENSP00000368458,9606.ENSP00000375978,9606.ENSP00000377958	RTCB,RARS,COPB1,CCT7,LRPPRC,PSMD11,CAPZA1,CCT8,EEF2,SRP68,HSP90AA1,SND1,EIF3A,PCNA,XRCC5,CCT4
GO Component	GO:0031410	Cytoplasmic vesicle	11	2386	0.59	0.0027	9606.ENSP00000217426,9606.ENSP00000249923,9606.ENSP00000253792,9606.ENSP00000261712,9606.ENSP00000286788,9606.ENSP00000307940,9606.ENSP00000335153,9606.ENSP00000346762,9606.ENSP00000375978,9606.ENSP00000377958,9606.ENSP00000411825	AHCY,COPB1,ACLY,PSMD11,CCT8,EEF2,HSP90AA1,SND1,XRCC5,CCT4,PDCD6IP
GO Component	GO:0030141	Secretory granule	7	845	0.85	0.0031	9606.ENSP00000249923,9606.ENSP00000253792,9606.ENSP00000261712,9606.ENSP00000286788,9606.ENSP00000307940,9606.ENSP00000335153,9606.ENSP00000375978	COPB1,ACLY,PSMD11,CCT8,EEF2,HSP90AA1,XRCC5
GO Component	GO:0015630	Microtubule cytoskeleton	8	1219	0.75	0.0038	9606.ENSP00000258091,9606.ENSP00000260665,9606.ENSP00000286788,9606.ENSP00000358140,9606.ENSP00000364721,9606.ENSP00000368458,9606.ENSP00000377958,9606.ENSP00000411825	CCT7,LRPPRC,CCT8,EIF3A,MAPRE1,PCNA,CCT4,PDCD6IP
GO Component	GO:0002199	Zona pellucida receptor complex	2	8	2.33	0.0044	9606.ENSP00000286788,9606.ENSP00000377958	CCT8,CCT4
GO Component	GO:0005737	Cytoplasm	22	11428	0.21	0.0053	9606.ENSP00000216038,9606.ENSP00000217426,9606.ENSP00000231572,9606.ENSP00000249923,9606.ENSP00000253792,9606.ENSP00000258091,9606.ENSP00000260665,9606.ENSP00000261712,9606.ENSP00000262982,9606.ENSP00000263168,9606.ENSP00000286788,9606.ENSP00000307940,9606.ENSP00000312066,9606.ENSP00000322439,9606.ENSP00000335153,9606.ENSP00000346762,9606.ENSP00000358140,9606.ENSP00000364721,9606.ENSP00000375978,9606.ENSP00000377958,9606.ENSP00000411825,9606.ENSP00000419851	RTCB,AHCY,RARS,COPB1,ACLY,CCT7,LRPPRC,PSMD11,CSE1L,CAPZA1,CCT8,EEF2,SRP68,TUFM,HSP90AA1,SND1,EIF3A,MAPRE1,XRCC5,CCT4,PDCD6IP,GMPS
GO Component	GO:1990904	Ribonucleoprotein complex	6	677	0.88	0.0073	9606.ENSP00000260665,9606.ENSP00000307940,9606.ENSP00000312066,9606.ENSP00000346762,9606.ENSP00000358140,9606.ENSP00000375978	LRPPRC,EEF2,SRP68,SND1,EIF3A,XRCC5
GO Component	GO:0043227	Membrane-bounded organelle	22	12427	0.18	0.0254	9606.ENSP00000216038,9606.ENSP00000217426,9606.ENSP00000231572,9606.ENSP00000249923,9606.ENSP00000253792,9606.ENSP00000258091,9606.ENSP00000260665,9606.ENSP00000261712,9606.ENSP00000262982,9606.ENSP00000263168,9606.ENSP00000286788,9606.ENSP00000307940,9606.ENSP00000312066,9606.ENSP00000322439,9606.ENSP00000335153,9606.ENSP00000346762,9606.ENSP00000358140,9606.ENSP00000364721,9606.ENSP00000368458,9606.ENSP00000375978,9606.ENSP00000377958,9606.ENSP00000411825	RTCB,AHCY,RARS,COPB1,ACLY,CCT7,LRPPRC,PSMD11,CSE1L,CAPZA1,CCT8,EEF2,SRP68,TUFM,HSP90AA1,SND1,EIF3A,MAPRE1,PCNA,XRCC5,CCT4,PDCD6IP
GO Component	GO:0043229	Intracellular organelle	22	12528	0.17	0.0289	9606.ENSP00000216038,9606.ENSP00000217426,9606.ENSP00000231572,9606.ENSP00000249923,9606.ENSP00000253792,9606.ENSP00000258091,9606.ENSP00000260665,9606.ENSP00000261712,9606.ENSP00000262982,9606.ENSP00000263168,9606.ENSP00000286788,9606.ENSP00000307940,9606.ENSP00000312066,9606.ENSP00000322439,9606.ENSP00000335153,9606.ENSP00000346762,9606.ENSP00000358140,9606.ENSP00000364721,9606.ENSP00000368458,9606.ENSP00000375978,9606.ENSP00000377958,9606.ENSP00000411825	RTCB,AHCY,RARS,COPB1,ACLY,CCT7,LRPPRC,PSMD11,CSE1L,CAPZA1,CCT8,EEF2,SRP68,TUFM,HSP90AA1,SND1,EIF3A,MAPRE1,PCNA,XRCC5,CCT4,PDCD6IP
GO Component	GO:0070013	Intracellular organelle lumen	15	5857	0.34	0.0289	9606.ENSP00000216038,9606.ENSP00000231572,9606.ENSP00000253792,9606.ENSP00000260665,9606.ENSP00000261712,9606.ENSP00000262982,9606.ENSP00000286788,9606.ENSP00000307940,9606.ENSP00000312066,9606.ENSP00000322439,9606.ENSP00000335153,9606.ENSP00000358140,9606.ENSP00000368458,9606.ENSP00000375978,9606.ENSP00000377958	RTCB,RARS,ACLY,LRPPRC,PSMD11,CSE1L,CCT8,EEF2,SRP68,TUFM,HSP90AA1,EIF3A,PCNA,XRCC5,CCT4
GO Component	GO:0005856	Cytoskeleton	9	2221	0.54	0.0299	9606.ENSP00000258091,9606.ENSP00000260665,9606.ENSP00000263168,9606.ENSP00000286788,9606.ENSP00000358140,9606.ENSP00000364721,9606.ENSP00000368458,9606.ENSP00000377958,9606.ENSP00000411825	CCT7,LRPPRC,CAPZA1,CCT8,EIF3A,MAPRE1,PCNA,CCT4,PDCD6IP
GO Component	GO:0012505	Endomembrane system	13	4542	0.39	0.0299	9606.ENSP00000216038,9606.ENSP00000249923,9606.ENSP00000253792,9606.ENSP00000260665,9606.ENSP00000261712,9606.ENSP00000262982,9606.ENSP00000286788,9606.ENSP00000307940,9606.ENSP00000312066,9606.ENSP00000335153,9606.ENSP00000364721,9606.ENSP00000375978,9606.ENSP00000411825	RTCB,COPB1,ACLY,LRPPRC,PSMD11,CSE1L,CCT8,EEF2,SRP68,HSP90AA1,MAPRE1,XRCC5,PDCD6IP
GO Component	GO:0005622	Intracellular	23	14276	0.14	0.0320	9606.ENSP00000216038,9606.ENSP00000217426,9606.ENSP00000231572,9606.ENSP00000249923,9606.ENSP00000253792,9606.ENSP00000258091,9606.ENSP00000260665,9606.ENSP00000261712,9606.ENSP00000262982,9606.ENSP00000263168,9606.ENSP00000286788,9606.ENSP00000307940,9606.ENSP00000312066,9606.ENSP00000322439,9606.ENSP00000335153,9606.ENSP00000346762,9606.ENSP00000358140,9606.ENSP00000364721,9606.ENSP00000368458,9606.ENSP00000375978,9606.ENSP00000377958,9606.ENSP00000411825,9606.ENSP00000419851	RTCB,AHCY,RARS,COPB1,ACLY,CCT7,LRPPRC,PSMD11,CSE1L,CAPZA1,CCT8,EEF2,SRP68,TUFM,HSP90AA1,SND1,EIF3A,MAPRE1,PCNA,XRCC5,CCT4,PDCD6IP,GMPS
GO Component	GO:0005654	Nucleoplasm	12	3973	0.41	0.0320	9606.ENSP00000216038,9606.ENSP00000231572,9606.ENSP00000253792,9606.ENSP00000260665,9606.ENSP00000261712,9606.ENSP00000262982,9606.ENSP00000286788,9606.ENSP00000335153,9606.ENSP00000358140,9606.ENSP00000368458,9606.ENSP00000375978,9606.ENSP00000377958	RTCB,RARS,ACLY,LRPPRC,PSMD11,CSE1L,CCT8,HSP90AA1,EIF3A,PCNA,XRCC5,CCT4
GO Component	GO:0031981	Nuclear lumen	13	4733	0.37	0.0392	9606.ENSP00000216038,9606.ENSP00000231572,9606.ENSP00000253792,9606.ENSP00000260665,9606.ENSP00000261712,9606.ENSP00000262982,9606.ENSP00000286788,9606.ENSP00000312066,9606.ENSP00000335153,9606.ENSP00000358140,9606.ENSP00000368458,9606.ENSP00000375978,9606.ENSP00000377958	RTCB,RARS,ACLY,LRPPRC,PSMD11,CSE1L,CCT8,SRP68,HSP90AA1,EIF3A,PCNA,XRCC5,CCT4
GO Component	GO:0005775	Vacuolar lumen	3	174	1.17	0.0478	9606.ENSP00000253792,9606.ENSP00000286788,9606.ENSP00000335153	ACLY,CCT8,HSP90AA1
STRING clusters	CL:3084	Chaperonin TCP-1, conserved site	3	7	2.56	0.00077	9606.ENSP00000258091,9606.ENSP00000286788,9606.ENSP00000377958	CCT7,CCT8,CCT4
Reactome	HSA-390450	Folding of actin by CCT/TriC	3	10	2.41	0.00087	9606.ENSP00000258091,9606.ENSP00000286788,9606.ENSP00000377958	CCT7,CCT8,CCT4
Reactome	HSA-392499	Metabolism of proteins	12	1977	0.71	0.00087	9606.ENSP00000231572,9606.ENSP00000249923,9606.ENSP00000258091,9606.ENSP00000261712,9606.ENSP00000263168,9606.ENSP00000286788,9606.ENSP00000307940,9606.ENSP00000312066,9606.ENSP00000322439,9606.ENSP00000358140,9606.ENSP00000368458,9606.ENSP00000377958	RARS,COPB1,CCT7,PSMD11,CAPZA1,CCT8,EEF2,SRP68,TUFM,EIF3A,PCNA,CCT4
Reactome	HSA-6798695	Neutrophil degranulation	7	473	1.1	0.00087	9606.ENSP00000249923,9606.ENSP00000253792,9606.ENSP00000261712,9606.ENSP00000286788,9606.ENSP00000307940,9606.ENSP00000335153,9606.ENSP00000375978	COPB1,ACLY,PSMD11,CCT8,EEF2,HSP90AA1,XRCC5
Reactome	HSA-389960	Formation of tubulin folding intermediates by CCT/TriC	3	24	2.03	0.0022	9606.ENSP00000258091,9606.ENSP00000286788,9606.ENSP00000377958	CCT7,CCT8,CCT4
Reactome	HSA-389957	Prefoldin mediated transfer of substrate  to CCT/TriC	3	27	1.98	0.0024	9606.ENSP00000258091,9606.ENSP00000286788,9606.ENSP00000377958	CCT7,CCT8,CCT4
Reactome	HSA-5339562	Uptake and actions of bacterial toxins	3	29	1.94	0.0025	9606.ENSP00000307940,9606.ENSP00000335153,9606.ENSP00000411825	EEF2,HSP90AA1,PDCD6IP
Reactome	HSA-168249	Innate Immune System	8	1025	0.82	0.0038	9606.ENSP00000249923,9606.ENSP00000253792,9606.ENSP00000261712,9606.ENSP00000263168,9606.ENSP00000286788,9606.ENSP00000307940,9606.ENSP00000335153,9606.ENSP00000375978	COPB1,ACLY,PSMD11,CAPZA1,CCT8,EEF2,HSP90AA1,XRCC5
Reactome	HSA-390471	Association of TriC/CCT with target proteins during biosynthesis	3	39	1.82	0.0038	9606.ENSP00000258091,9606.ENSP00000286788,9606.ENSP00000377958	CCT7,CCT8,CCT4
Reactome	HSA-6814122	Cooperation of PDCL (PhLP1) and TRiC/CCT in G-protein beta folding	3	42	1.78	0.0042	9606.ENSP00000258091,9606.ENSP00000286788,9606.ENSP00000377958	CCT7,CCT8,CCT4
Reactome	HSA-72766	Translation	5	289	1.17	0.0042	9606.ENSP00000231572,9606.ENSP00000307940,9606.ENSP00000312066,9606.ENSP00000322439,9606.ENSP00000358140	RARS,EEF2,SRP68,TUFM,EIF3A
Reactome	HSA-5336415	Uptake and function of diphtheria toxin	2	6	2.45	0.0067	9606.ENSP00000307940,9606.ENSP00000335153	EEF2,HSP90AA1
Reactome	HSA-5617833	Cilium Assembly	4	197	1.24	0.0137	9606.ENSP00000286788,9606.ENSP00000335153,9606.ENSP00000364721,9606.ENSP00000377958	CCT8,HSP90AA1,MAPRE1,CCT4
Reactome	HSA-8852276	The role of GTSE1 in G2/M progression after G2 checkpoint	3	75	1.53	0.0158	9606.ENSP00000261712,9606.ENSP00000335153,9606.ENSP00000364721	PSMD11,HSP90AA1,MAPRE1
Reactome	HSA-5620922	BBSome-mediated cargo-targeting to cilium	2	22	1.89	0.0449	9606.ENSP00000286788,9606.ENSP00000377958	CCT8,CCT4
WikiPathways	WP4949	16p11.2 proximal deletion syndrome	4	73	1.67	0.0013	9606.ENSP00000258091,9606.ENSP00000286788,9606.ENSP00000368458,9606.ENSP00000377958	CCT7,CCT8,PCNA,CCT4
TISSUES	BTO:0000345	Digestive gland	20	2645	0.81	9.89e-12	9606.ENSP00000216038,9606.ENSP00000217426,9606.ENSP00000231572,9606.ENSP00000249923,9606.ENSP00000253792,9606.ENSP00000258091,9606.ENSP00000260665,9606.ENSP00000261712,9606.ENSP00000262982,9606.ENSP00000286788,9606.ENSP00000307940,9606.ENSP00000322439,9606.ENSP00000335153,9606.ENSP00000346762,9606.ENSP00000358140,9606.ENSP00000364721,9606.ENSP00000368458,9606.ENSP00000375978,9606.ENSP00000377958,9606.ENSP00000411825	RTCB,AHCY,RARS,COPB1,ACLY,CCT7,LRPPRC,PSMD11,CSE1L,CCT8,EEF2,TUFM,HSP90AA1,SND1,EIF3A,MAPRE1,PCNA,XRCC5,CCT4,PDCD6IP
TISSUES	BTO:0000759	Liver	18	1882	0.91	1.07e-11	9606.ENSP00000216038,9606.ENSP00000217426,9606.ENSP00000231572,9606.ENSP00000249923,9606.ENSP00000253792,9606.ENSP00000258091,9606.ENSP00000260665,9606.ENSP00000262982,9606.ENSP00000286788,9606.ENSP00000307940,9606.ENSP00000322439,9606.ENSP00000335153,9606.ENSP00000346762,9606.ENSP00000358140,9606.ENSP00000364721,9606.ENSP00000368458,9606.ENSP00000375978,9606.ENSP00000377958	RTCB,AHCY,RARS,COPB1,ACLY,CCT7,LRPPRC,CSE1L,CCT8,EEF2,TUFM,HSP90AA1,SND1,EIF3A,MAPRE1,PCNA,XRCC5,CCT4
TISSUES	BTO:0000570	Hematopoietic system	19	2543	0.8	5.13e-11	9606.ENSP00000216038,9606.ENSP00000217426,9606.ENSP00000231572,9606.ENSP00000249923,9606.ENSP00000253792,9606.ENSP00000258091,9606.ENSP00000260665,9606.ENSP00000261712,9606.ENSP00000262982,9606.ENSP00000263168,9606.ENSP00000286788,9606.ENSP00000307940,9606.ENSP00000322439,9606.ENSP00000335153,9606.ENSP00000346762,9606.ENSP00000358140,9606.ENSP00000364721,9606.ENSP00000377958,9606.ENSP00000411825	RTCB,AHCY,RARS,COPB1,ACLY,CCT7,LRPPRC,PSMD11,CSE1L,CAPZA1,CCT8,EEF2,TUFM,HSP90AA1,SND1,EIF3A,MAPRE1,CCT4,PDCD6IP
TISSUES	BTO:0000089	Blood	16	1675	0.91	5.78e-10	9606.ENSP00000216038,9606.ENSP00000217426,9606.ENSP00000231572,9606.ENSP00000253792,9606.ENSP00000258091,9606.ENSP00000260665,9606.ENSP00000261712,9606.ENSP00000262982,9606.ENSP00000263168,9606.ENSP00000286788,9606.ENSP00000307940,9606.ENSP00000322439,9606.ENSP00000335153,9606.ENSP00000358140,9606.ENSP00000364721,9606.ENSP00000377958	RTCB,AHCY,RARS,ACLY,CCT7,LRPPRC,PSMD11,CSE1L,CAPZA1,CCT8,EEF2,TUFM,HSP90AA1,EIF3A,MAPRE1,CCT4
TISSUES	BTO:0000580	Blood cancer cell	14	1098	1.04	6.41e-10	9606.ENSP00000217426,9606.ENSP00000253792,9606.ENSP00000260665,9606.ENSP00000261712,9606.ENSP00000262982,9606.ENSP00000286788,9606.ENSP00000307940,9606.ENSP00000335153,9606.ENSP00000358140,9606.ENSP00000364721,9606.ENSP00000375978,9606.ENSP00000377958,9606.ENSP00000411825,9606.ENSP00000419851	AHCY,ACLY,LRPPRC,PSMD11,CSE1L,CCT8,EEF2,HSP90AA1,EIF3A,MAPRE1,XRCC5,CCT4,PDCD6IP,GMPS
TISSUES	BTO:0000775	Lymphocyte	12	648	1.2	6.41e-10	9606.ENSP00000216038,9606.ENSP00000258091,9606.ENSP00000260665,9606.ENSP00000262982,9606.ENSP00000263168,9606.ENSP00000286788,9606.ENSP00000307940,9606.ENSP00000322439,9606.ENSP00000335153,9606.ENSP00000358140,9606.ENSP00000364721,9606.ENSP00000377958	RTCB,CCT7,LRPPRC,CSE1L,CAPZA1,CCT8,EEF2,TUFM,HSP90AA1,EIF3A,MAPRE1,CCT4
TISSUES	BTO:0001488	Endocrine gland	23	6036	0.51	6.41e-10	9606.ENSP00000216038,9606.ENSP00000217426,9606.ENSP00000231572,9606.ENSP00000249923,9606.ENSP00000253792,9606.ENSP00000258091,9606.ENSP00000260665,9606.ENSP00000261712,9606.ENSP00000262982,9606.ENSP00000263168,9606.ENSP00000286788,9606.ENSP00000307940,9606.ENSP00000312066,9606.ENSP00000322439,9606.ENSP00000335153,9606.ENSP00000346762,9606.ENSP00000358140,9606.ENSP00000364721,9606.ENSP00000368458,9606.ENSP00000375978,9606.ENSP00000377958,9606.ENSP00000411825,9606.ENSP00000419851	RTCB,AHCY,RARS,COPB1,ACLY,CCT7,LRPPRC,PSMD11,CSE1L,CAPZA1,CCT8,EEF2,SRP68,TUFM,HSP90AA1,SND1,EIF3A,MAPRE1,PCNA,XRCC5,CCT4,PDCD6IP,GMPS
TISSUES	BTO:0001491	Viscus	22	5020	0.57	6.41e-10	9606.ENSP00000216038,9606.ENSP00000217426,9606.ENSP00000231572,9606.ENSP00000249923,9606.ENSP00000253792,9606.ENSP00000258091,9606.ENSP00000260665,9606.ENSP00000261712,9606.ENSP00000262982,9606.ENSP00000263168,9606.ENSP00000286788,9606.ENSP00000307940,9606.ENSP00000312066,9606.ENSP00000322439,9606.ENSP00000335153,9606.ENSP00000346762,9606.ENSP00000358140,9606.ENSP00000364721,9606.ENSP00000368458,9606.ENSP00000375978,9606.ENSP00000377958,9606.ENSP00000411825	RTCB,AHCY,RARS,COPB1,ACLY,CCT7,LRPPRC,PSMD11,CSE1L,CAPZA1,CCT8,EEF2,SRP68,TUFM,HSP90AA1,SND1,EIF3A,MAPRE1,PCNA,XRCC5,CCT4,PDCD6IP
TISSUES	BTO:0000772	Lymphoblast	9	235	1.51	8.32e-10	9606.ENSP00000216038,9606.ENSP00000258091,9606.ENSP00000262982,9606.ENSP00000286788,9606.ENSP00000307940,9606.ENSP00000322439,9606.ENSP00000335153,9606.ENSP00000364721,9606.ENSP00000377958	RTCB,CCT7,CSE1L,CCT8,EEF2,TUFM,HSP90AA1,MAPRE1,CCT4
TISSUES	BTO:0000083	Female reproductive system	22	5799	0.51	6.47e-09	9606.ENSP00000216038,9606.ENSP00000217426,9606.ENSP00000231572,9606.ENSP00000249923,9606.ENSP00000253792,9606.ENSP00000258091,9606.ENSP00000260665,9606.ENSP00000262982,9606.ENSP00000263168,9606.ENSP00000286788,9606.ENSP00000307940,9606.ENSP00000312066,9606.ENSP00000322439,9606.ENSP00000335153,9606.ENSP00000346762,9606.ENSP00000358140,9606.ENSP00000364721,9606.ENSP00000368458,9606.ENSP00000375978,9606.ENSP00000377958,9606.ENSP00000411825,9606.ENSP00000419851	RTCB,AHCY,RARS,COPB1,ACLY,CCT7,LRPPRC,CSE1L,CAPZA1,CCT8,EEF2,SRP68,TUFM,HSP90AA1,SND1,EIF3A,MAPRE1,PCNA,XRCC5,CCT4,PDCD6IP,GMPS
TISSUES	BTO:0000080	Male reproductive gland	16	2505	0.74	6.46e-08	9606.ENSP00000216038,9606.ENSP00000217426,9606.ENSP00000249923,9606.ENSP00000253792,9606.ENSP00000258091,9606.ENSP00000260665,9606.ENSP00000262982,9606.ENSP00000286788,9606.ENSP00000307940,9606.ENSP00000335153,9606.ENSP00000346762,9606.ENSP00000358140,9606.ENSP00000375978,9606.ENSP00000377958,9606.ENSP00000411825,9606.ENSP00000419851	RTCB,AHCY,COPB1,ACLY,CCT7,LRPPRC,CSE1L,CCT8,EEF2,HSP90AA1,SND1,EIF3A,XRCC5,CCT4,PDCD6IP,GMPS
TISSUES	BTO:0001363	Testis	14	1756	0.83	9.62e-08	9606.ENSP00000216038,9606.ENSP00000217426,9606.ENSP00000249923,9606.ENSP00000258091,9606.ENSP00000260665,9606.ENSP00000262982,9606.ENSP00000286788,9606.ENSP00000335153,9606.ENSP00000346762,9606.ENSP00000358140,9606.ENSP00000375978,9606.ENSP00000377958,9606.ENSP00000411825,9606.ENSP00000419851	RTCB,AHCY,COPB1,CCT7,LRPPRC,CSE1L,CCT8,HSP90AA1,SND1,EIF3A,XRCC5,CCT4,PDCD6IP,GMPS
TISSUES	BTO:0003096	Internal male genital organ	15	2229	0.76	1.35e-07	9606.ENSP00000216038,9606.ENSP00000217426,9606.ENSP00000249923,9606.ENSP00000258091,9606.ENSP00000260665,9606.ENSP00000262982,9606.ENSP00000286788,9606.ENSP00000307940,9606.ENSP00000335153,9606.ENSP00000346762,9606.ENSP00000358140,9606.ENSP00000375978,9606.ENSP00000377958,9606.ENSP00000411825,9606.ENSP00000419851	RTCB,AHCY,COPB1,CCT7,LRPPRC,CSE1L,CCT8,EEF2,HSP90AA1,SND1,EIF3A,XRCC5,CCT4,PDCD6IP,GMPS
TISSUES	BTO:0000753	Lymphoid tissue	13	1496	0.87	1.52e-07	9606.ENSP00000216038,9606.ENSP00000249923,9606.ENSP00000258091,9606.ENSP00000260665,9606.ENSP00000262982,9606.ENSP00000263168,9606.ENSP00000286788,9606.ENSP00000307940,9606.ENSP00000322439,9606.ENSP00000335153,9606.ENSP00000358140,9606.ENSP00000364721,9606.ENSP00000377958	RTCB,COPB1,CCT7,LRPPRC,CSE1L,CAPZA1,CCT8,EEF2,TUFM,HSP90AA1,EIF3A,MAPRE1,CCT4
TISSUES	BTO:0000254	Female reproductive gland	16	2783	0.69	2.16e-07	9606.ENSP00000216038,9606.ENSP00000217426,9606.ENSP00000249923,9606.ENSP00000258091,9606.ENSP00000260665,9606.ENSP00000262982,9606.ENSP00000286788,9606.ENSP00000307940,9606.ENSP00000312066,9606.ENSP00000335153,9606.ENSP00000346762,9606.ENSP00000358140,9606.ENSP00000375978,9606.ENSP00000377958,9606.ENSP00000411825,9606.ENSP00000419851	RTCB,AHCY,COPB1,CCT7,LRPPRC,CSE1L,CCT8,EEF2,SRP68,HSP90AA1,SND1,EIF3A,XRCC5,CCT4,PDCD6IP,GMPS
TISSUES	BTO:0001690	B-cell lymphoma cell	6	140	1.56	1.07e-06	9606.ENSP00000260665,9606.ENSP00000261712,9606.ENSP00000262982,9606.ENSP00000286788,9606.ENSP00000364721,9606.ENSP00000377958	LRPPRC,PSMD11,CSE1L,CCT8,MAPRE1,CCT4
TISSUES	BTO:0001271	Leukemia cell	10	949	0.95	3.53e-06	9606.ENSP00000217426,9606.ENSP00000253792,9606.ENSP00000307940,9606.ENSP00000335153,9606.ENSP00000358140,9606.ENSP00000364721,9606.ENSP00000375978,9606.ENSP00000377958,9606.ENSP00000411825,9606.ENSP00000419851	AHCY,ACLY,EEF2,HSP90AA1,EIF3A,MAPRE1,XRCC5,CCT4,PDCD6IP,GMPS
TISSUES	BTO:0000174	Embryonic structure	12	2132	0.68	8.27e-05	9606.ENSP00000217426,9606.ENSP00000260665,9606.ENSP00000261712,9606.ENSP00000262982,9606.ENSP00000263168,9606.ENSP00000322439,9606.ENSP00000335153,9606.ENSP00000346762,9606.ENSP00000358140,9606.ENSP00000368458,9606.ENSP00000411825,9606.ENSP00000419851	AHCY,LRPPRC,PSMD11,CSE1L,CAPZA1,TUFM,HSP90AA1,SND1,EIF3A,PCNA,PDCD6IP,GMPS
TISSUES	BTO:0003099	Internal female genital organ	13	2593	0.63	8.27e-05	9606.ENSP00000217426,9606.ENSP00000253792,9606.ENSP00000260665,9606.ENSP00000262982,9606.ENSP00000263168,9606.ENSP00000307940,9606.ENSP00000322439,9606.ENSP00000335153,9606.ENSP00000346762,9606.ENSP00000358140,9606.ENSP00000368458,9606.ENSP00000375978,9606.ENSP00000411825	AHCY,ACLY,LRPPRC,CSE1L,CAPZA1,EEF2,TUFM,HSP90AA1,SND1,EIF3A,PCNA,XRCC5,PDCD6IP
TISSUES	BTO:0000131	Blood plasma	6	391	1.12	0.00031	9606.ENSP00000231572,9606.ENSP00000253792,9606.ENSP00000261712,9606.ENSP00000322439,9606.ENSP00000335153,9606.ENSP00000377958	RARS,ACLY,PSMD11,TUFM,HSP90AA1,CCT4
TISSUES	BTO:0000142	Brain	17	5462	0.42	0.00037	9606.ENSP00000216038,9606.ENSP00000217426,9606.ENSP00000231572,9606.ENSP00000249923,9606.ENSP00000253792,9606.ENSP00000258091,9606.ENSP00000260665,9606.ENSP00000262982,9606.ENSP00000286788,9606.ENSP00000307940,9606.ENSP00000322439,9606.ENSP00000335153,9606.ENSP00000346762,9606.ENSP00000364721,9606.ENSP00000375978,9606.ENSP00000377958,9606.ENSP00000411825	RTCB,AHCY,RARS,COPB1,ACLY,CCT7,LRPPRC,CSE1L,CCT8,EEF2,TUFM,HSP90AA1,SND1,MAPRE1,XRCC5,CCT4,PDCD6IP
TISSUES	BTO:0000058	Alimentary canal	10	1865	0.66	0.0012	9606.ENSP00000217426,9606.ENSP00000258091,9606.ENSP00000260665,9606.ENSP00000263168,9606.ENSP00000286788,9606.ENSP00000307940,9606.ENSP00000322439,9606.ENSP00000335153,9606.ENSP00000358140,9606.ENSP00000375978	AHCY,CCT7,LRPPRC,CAPZA1,CCT8,EEF2,TUFM,HSP90AA1,EIF3A,XRCC5
TISSUES	BTO:0001078	Placenta	8	1176	0.76	0.0020	9606.ENSP00000217426,9606.ENSP00000260665,9606.ENSP00000262982,9606.ENSP00000263168,9606.ENSP00000322439,9606.ENSP00000335153,9606.ENSP00000346762,9606.ENSP00000411825	AHCY,LRPPRC,CSE1L,CAPZA1,TUFM,HSP90AA1,SND1,PDCD6IP
TISSUES	BTO:0000132	Blood platelet	5	337	1.1	0.0021	9606.ENSP00000231572,9606.ENSP00000253792,9606.ENSP00000322439,9606.ENSP00000335153,9606.ENSP00000377958	RARS,ACLY,TUFM,HSP90AA1,CCT4
TISSUES	BTO:0000088	Cardiovascular system	7	1005	0.77	0.0053	9606.ENSP00000249923,9606.ENSP00000258091,9606.ENSP00000260665,9606.ENSP00000261712,9606.ENSP00000322439,9606.ENSP00000335153,9606.ENSP00000375978	COPB1,CCT7,LRPPRC,PSMD11,TUFM,HSP90AA1,XRCC5
TISSUES	BTO:0000562	Heart	6	695	0.87	0.0056	9606.ENSP00000258091,9606.ENSP00000260665,9606.ENSP00000261712,9606.ENSP00000322439,9606.ENSP00000335153,9606.ENSP00000375978	CCT7,LRPPRC,PSMD11,TUFM,HSP90AA1,XRCC5
TISSUES	BTO:0000203	Respiratory system	8	1436	0.68	0.0068	9606.ENSP00000258091,9606.ENSP00000261712,9606.ENSP00000307940,9606.ENSP00000322439,9606.ENSP00000335153,9606.ENSP00000346762,9606.ENSP00000368458,9606.ENSP00000375978	CCT7,PSMD11,EEF2,TUFM,HSP90AA1,SND1,PCNA,XRCC5
TISSUES	BTO:0000763	Lung	7	1162	0.71	0.0120	9606.ENSP00000258091,9606.ENSP00000261712,9606.ENSP00000307940,9606.ENSP00000322439,9606.ENSP00000335153,9606.ENSP00000346762,9606.ENSP00000368458	CCT7,PSMD11,EEF2,TUFM,HSP90AA1,SND1,PCNA
TISSUES	BTO:0000849	Melanoma cell line	3	145	1.25	0.0283	9606.ENSP00000217426,9606.ENSP00000335153,9606.ENSP00000346762	AHCY,HSP90AA1,SND1
TISSUES	BTO:0001207	Sarcoma cell	3	165	1.19	0.0400	9606.ENSP00000258091,9606.ENSP00000286788,9606.ENSP00000411825	CCT7,CCT8,PDCD6IP
COMPARTMENTS	GOCC:0005829	Cytosol	19	2919	0.74	2.34e-09	9606.ENSP00000216038,9606.ENSP00000217426,9606.ENSP00000231572,9606.ENSP00000249923,9606.ENSP00000253792,9606.ENSP00000258091,9606.ENSP00000261712,9606.ENSP00000262982,9606.ENSP00000263168,9606.ENSP00000286788,9606.ENSP00000307940,9606.ENSP00000312066,9606.ENSP00000335153,9606.ENSP00000346762,9606.ENSP00000358140,9606.ENSP00000364721,9606.ENSP00000377958,9606.ENSP00000411825,9606.ENSP00000419851	RTCB,AHCY,RARS,COPB1,ACLY,CCT7,PSMD11,CSE1L,CAPZA1,CCT8,EEF2,SRP68,HSP90AA1,SND1,EIF3A,MAPRE1,CCT4,PDCD6IP,GMPS
COMPARTMENTS	GOCC:0005737	Cytoplasm	21	7871	0.36	0.00042	9606.ENSP00000216038,9606.ENSP00000217426,9606.ENSP00000231572,9606.ENSP00000249923,9606.ENSP00000253792,9606.ENSP00000258091,9606.ENSP00000260665,9606.ENSP00000261712,9606.ENSP00000262982,9606.ENSP00000263168,9606.ENSP00000286788,9606.ENSP00000307940,9606.ENSP00000312066,9606.ENSP00000322439,9606.ENSP00000335153,9606.ENSP00000346762,9606.ENSP00000358140,9606.ENSP00000364721,9606.ENSP00000377958,9606.ENSP00000411825,9606.ENSP00000419851	RTCB,AHCY,RARS,COPB1,ACLY,CCT7,LRPPRC,PSMD11,CSE1L,CAPZA1,CCT8,EEF2,SRP68,TUFM,HSP90AA1,SND1,EIF3A,MAPRE1,CCT4,PDCD6IP,GMPS
COMPARTMENTS	GOCC:0005832	Chaperonin-containing T-complex	3	10	2.41	0.00042	9606.ENSP00000258091,9606.ENSP00000286788,9606.ENSP00000377958	CCT7,CCT8,CCT4
COMPARTMENTS	GOCC:1904813	ficolin-1-rich granule lumen	5	125	1.53	0.00042	9606.ENSP00000253792,9606.ENSP00000261712,9606.ENSP00000286788,9606.ENSP00000307940,9606.ENSP00000335153	ACLY,PSMD11,CCT8,EEF2,HSP90AA1
COMPARTMENTS	GOCC:0005622	Intracellular	23	11202	0.24	0.0010	9606.ENSP00000216038,9606.ENSP00000217426,9606.ENSP00000231572,9606.ENSP00000249923,9606.ENSP00000253792,9606.ENSP00000258091,9606.ENSP00000260665,9606.ENSP00000261712,9606.ENSP00000262982,9606.ENSP00000263168,9606.ENSP00000286788,9606.ENSP00000307940,9606.ENSP00000312066,9606.ENSP00000322439,9606.ENSP00000335153,9606.ENSP00000346762,9606.ENSP00000358140,9606.ENSP00000364721,9606.ENSP00000368458,9606.ENSP00000375978,9606.ENSP00000377958,9606.ENSP00000411825,9606.ENSP00000419851	RTCB,AHCY,RARS,COPB1,ACLY,CCT7,LRPPRC,PSMD11,CSE1L,CAPZA1,CCT8,EEF2,SRP68,TUFM,HSP90AA1,SND1,EIF3A,MAPRE1,PCNA,XRCC5,CCT4,PDCD6IP,GMPS
COMPARTMENTS	GOCC:0005874	Microtubule	5	193	1.34	0.0010	9606.ENSP00000258091,9606.ENSP00000260665,9606.ENSP00000286788,9606.ENSP00000364721,9606.ENSP00000377958	CCT7,LRPPRC,CCT8,MAPRE1,CCT4
COMPARTMENTS	GOCC:0032991	Protein-containing complex	16	5142	0.42	0.0046	9606.ENSP00000216038,9606.ENSP00000231572,9606.ENSP00000249923,9606.ENSP00000253792,9606.ENSP00000258091,9606.ENSP00000261712,9606.ENSP00000263168,9606.ENSP00000286788,9606.ENSP00000307940,9606.ENSP00000312066,9606.ENSP00000335153,9606.ENSP00000346762,9606.ENSP00000358140,9606.ENSP00000368458,9606.ENSP00000375978,9606.ENSP00000377958	RTCB,RARS,COPB1,ACLY,CCT7,PSMD11,CAPZA1,CCT8,EEF2,SRP68,HSP90AA1,SND1,EIF3A,PCNA,XRCC5,CCT4
COMPARTMENTS	GOCC:0043229	Intracellular organelle	20	9242	0.27	0.0192	9606.ENSP00000216038,9606.ENSP00000231572,9606.ENSP00000249923,9606.ENSP00000253792,9606.ENSP00000258091,9606.ENSP00000260665,9606.ENSP00000261712,9606.ENSP00000262982,9606.ENSP00000263168,9606.ENSP00000286788,9606.ENSP00000307940,9606.ENSP00000312066,9606.ENSP00000322439,9606.ENSP00000335153,9606.ENSP00000358140,9606.ENSP00000364721,9606.ENSP00000368458,9606.ENSP00000375978,9606.ENSP00000377958,9606.ENSP00000411825	RTCB,RARS,COPB1,ACLY,CCT7,LRPPRC,PSMD11,CSE1L,CAPZA1,CCT8,EEF2,SRP68,TUFM,HSP90AA1,EIF3A,MAPRE1,PCNA,XRCC5,CCT4,PDCD6IP
COMPARTMENTS	GOCC:0030141	Secretory granule	6	704	0.86	0.0254	9606.ENSP00000249923,9606.ENSP00000253792,9606.ENSP00000261712,9606.ENSP00000286788,9606.ENSP00000307940,9606.ENSP00000335153	COPB1,ACLY,PSMD11,CCT8,EEF2,HSP90AA1
COMPARTMENTS	GOCC:0005856	Cytoskeleton	8	1526	0.65	0.0414	9606.ENSP00000258091,9606.ENSP00000260665,9606.ENSP00000263168,9606.ENSP00000286788,9606.ENSP00000364721,9606.ENSP00000368458,9606.ENSP00000377958,9606.ENSP00000411825	CCT7,LRPPRC,CAPZA1,CCT8,MAPRE1,PCNA,CCT4,PDCD6IP
COMPARTMENTS	GOCC:0110165	Cellular anatomical entity	23	13853	0.15	0.0459	9606.ENSP00000216038,9606.ENSP00000217426,9606.ENSP00000231572,9606.ENSP00000249923,9606.ENSP00000253792,9606.ENSP00000258091,9606.ENSP00000260665,9606.ENSP00000261712,9606.ENSP00000262982,9606.ENSP00000263168,9606.ENSP00000286788,9606.ENSP00000307940,9606.ENSP00000312066,9606.ENSP00000322439,9606.ENSP00000335153,9606.ENSP00000346762,9606.ENSP00000358140,9606.ENSP00000364721,9606.ENSP00000368458,9606.ENSP00000375978,9606.ENSP00000377958,9606.ENSP00000411825,9606.ENSP00000419851	RTCB,AHCY,RARS,COPB1,ACLY,CCT7,LRPPRC,PSMD11,CSE1L,CAPZA1,CCT8,EEF2,SRP68,TUFM,HSP90AA1,SND1,EIF3A,MAPRE1,PCNA,XRCC5,CCT4,PDCD6IP,GMPS
UniProt Keywords	KW-0007	Acetylation	22	3341	0.75	1.79e-13	9606.ENSP00000217426,9606.ENSP00000231572,9606.ENSP00000249923,9606.ENSP00000253792,9606.ENSP00000258091,9606.ENSP00000260665,9606.ENSP00000261712,9606.ENSP00000262982,9606.ENSP00000263168,9606.ENSP00000286788,9606.ENSP00000307940,9606.ENSP00000312066,9606.ENSP00000322439,9606.ENSP00000335153,9606.ENSP00000346762,9606.ENSP00000358140,9606.ENSP00000364721,9606.ENSP00000368458,9606.ENSP00000375978,9606.ENSP00000377958,9606.ENSP00000411825,9606.ENSP00000419851	AHCY,RARS,COPB1,ACLY,CCT7,LRPPRC,PSMD11,CSE1L,CAPZA1,CCT8,EEF2,SRP68,TUFM,HSP90AA1,SND1,EIF3A,MAPRE1,PCNA,XRCC5,CCT4,PDCD6IP,GMPS
UniProt Keywords	KW-0963	Cytoplasm	19	5028	0.51	6.15e-06	9606.ENSP00000216038,9606.ENSP00000217426,9606.ENSP00000231572,9606.ENSP00000249923,9606.ENSP00000253792,9606.ENSP00000258091,9606.ENSP00000261712,9606.ENSP00000262982,9606.ENSP00000263168,9606.ENSP00000286788,9606.ENSP00000307940,9606.ENSP00000312066,9606.ENSP00000335153,9606.ENSP00000346762,9606.ENSP00000358140,9606.ENSP00000364721,9606.ENSP00000377958,9606.ENSP00000411825,9606.ENSP00000419851	RTCB,AHCY,RARS,COPB1,ACLY,CCT7,PSMD11,CSE1L,CAPZA1,CCT8,EEF2,SRP68,HSP90AA1,SND1,EIF3A,MAPRE1,CCT4,PDCD6IP,GMPS
UniProt Keywords	KW-0945	Host-virus interaction	8	534	1.11	2.50e-05	9606.ENSP00000249923,9606.ENSP00000322439,9606.ENSP00000335153,9606.ENSP00000346762,9606.ENSP00000358140,9606.ENSP00000368458,9606.ENSP00000375978,9606.ENSP00000411825	COPB1,TUFM,HSP90AA1,SND1,EIF3A,PCNA,XRCC5,PDCD6IP
UniProt Keywords	KW-0547	Nucleotide-binding	11	1760	0.73	0.00026	9606.ENSP00000216038,9606.ENSP00000231572,9606.ENSP00000253792,9606.ENSP00000258091,9606.ENSP00000286788,9606.ENSP00000307940,9606.ENSP00000322439,9606.ENSP00000335153,9606.ENSP00000375978,9606.ENSP00000377958,9606.ENSP00000419851	RTCB,RARS,ACLY,CCT7,CCT8,EEF2,TUFM,HSP90AA1,XRCC5,CCT4,GMPS
UniProt Keywords	KW-0597	Phosphoprotein	20	8057	0.32	0.0011	9606.ENSP00000216038,9606.ENSP00000217426,9606.ENSP00000253792,9606.ENSP00000260665,9606.ENSP00000261712,9606.ENSP00000262982,9606.ENSP00000263168,9606.ENSP00000286788,9606.ENSP00000307940,9606.ENSP00000312066,9606.ENSP00000322439,9606.ENSP00000335153,9606.ENSP00000346762,9606.ENSP00000358140,9606.ENSP00000364721,9606.ENSP00000368458,9606.ENSP00000375978,9606.ENSP00000377958,9606.ENSP00000411825,9606.ENSP00000419851	RTCB,AHCY,ACLY,LRPPRC,PSMD11,CSE1L,CAPZA1,CCT8,EEF2,SRP68,TUFM,HSP90AA1,SND1,EIF3A,MAPRE1,PCNA,XRCC5,CCT4,PDCD6IP,GMPS
UniProt Keywords	KW-0648	Protein biosynthesis	4	128	1.42	0.0018	9606.ENSP00000231572,9606.ENSP00000307940,9606.ENSP00000322439,9606.ENSP00000358140	RARS,EEF2,TUFM,EIF3A
UniProt Keywords	KW-0143	Chaperone	4	196	1.24	0.0075	9606.ENSP00000258091,9606.ENSP00000286788,9606.ENSP00000335153,9606.ENSP00000377958	CCT7,CCT8,HSP90AA1,CCT4
UniProt Keywords	KW-1017	Isopeptide bond	9	1706	0.65	0.0075	9606.ENSP00000216038,9606.ENSP00000253792,9606.ENSP00000258091,9606.ENSP00000261712,9606.ENSP00000286788,9606.ENSP00000307940,9606.ENSP00000346762,9606.ENSP00000368458,9606.ENSP00000375978	RTCB,ACLY,CCT7,PSMD11,CCT8,EEF2,SND1,PCNA,XRCC5
UniProt Keywords	KW-0067	ATP-binding	8	1368	0.7	0.0082	9606.ENSP00000231572,9606.ENSP00000253792,9606.ENSP00000258091,9606.ENSP00000286788,9606.ENSP00000335153,9606.ENSP00000375978,9606.ENSP00000377958,9606.ENSP00000419851	RARS,ACLY,CCT7,CCT8,HSP90AA1,XRCC5,CCT4,GMPS
UniProt Keywords	KW-0251	Elongation factor	2	15	2.05	0.0120	9606.ENSP00000307940,9606.ENSP00000322439	EEF2,TUFM
UniProt Keywords	KW-0832	Ubl conjugation	10	2383	0.55	0.0120	9606.ENSP00000216038,9606.ENSP00000253792,9606.ENSP00000258091,9606.ENSP00000261712,9606.ENSP00000286788,9606.ENSP00000307940,9606.ENSP00000335153,9606.ENSP00000346762,9606.ENSP00000368458,9606.ENSP00000375978	RTCB,ACLY,CCT7,PSMD11,CCT8,EEF2,HSP90AA1,SND1,PCNA,XRCC5
UniProt Keywords	KW-0436	Ligase	3	129	1.3	0.0270	9606.ENSP00000216038,9606.ENSP00000231572,9606.ENSP00000419851	RTCB,RARS,GMPS
Pfam	PF00118	TCP-1/cpn60 chaperonin family	3	15	2.23	0.0039	9606.ENSP00000258091,9606.ENSP00000286788,9606.ENSP00000377958	CCT7,CCT8,CCT4
InterPro	IPR002194	Chaperonin TCP-1, conserved site	3	9	2.45	0.0021	9606.ENSP00000258091,9606.ENSP00000286788,9606.ENSP00000377958	CCT7,CCT8,CCT4
InterPro	IPR002423	Chaperonin Cpn60/TCP-1 family	3	15	2.23	0.0021	9606.ENSP00000258091,9606.ENSP00000286788,9606.ENSP00000377958	CCT7,CCT8,CCT4
InterPro	IPR017998	Chaperone tailless complex polypeptide 1 (TCP-1)	3	10	2.41	0.0021	9606.ENSP00000258091,9606.ENSP00000286788,9606.ENSP00000377958	CCT7,CCT8,CCT4
InterPro	IPR027409	GroEL-like apical domain superfamily	3	15	2.23	0.0021	9606.ENSP00000258091,9606.ENSP00000286788,9606.ENSP00000377958	CCT7,CCT8,CCT4
InterPro	IPR027410	TCP-1-like chaperonin intermediate domain superfamily	3	15	2.23	0.0021	9606.ENSP00000258091,9606.ENSP00000286788,9606.ENSP00000377958	CCT7,CCT8,CCT4
InterPro	IPR027413	GroEL-like equatorial domain superfamily	3	14	2.26	0.0021	9606.ENSP00000258091,9606.ENSP00000286788,9606.ENSP00000377958	CCT7,CCT8,CCT4
