,assay_id,cell_line,filename,PXD_accession,Protein_count
0,30960,Hep3B,3B10-1,PXD000533,997
1,30961,Hep3B,3B10-2,PXD000533,1013
2,30962,Hep3B,3B1-1,PXD000533,1081
3,30963,Hep3B,3B11-1,PXD000533,1060
4,30964,Hep3B,3B11-2,PXD000533,1025
5,30965,Hep3B,3B1-2,PXD000533,1049
6,30966,Hep3B,3B12-1,PXD000533,1061
7,30967,Hep3B,3B12-2,PXD000533,1026
8,30968,Hep3B,3B13-1,PXD000533,1170
9,30969,Hep3B,3B13-2,PXD000533,1211
10,30970,Hep3B,3B14-1,PXD000533,1276
11,30971,Hep3B,3B14-2,PXD000533,1298
12,30972,Hep3B,3B15-1,PXD000533,1267
13,30973,Hep3B,3B15-2,PXD000533,1301
14,30974,Hep3B,3B16-1,PXD000533,1261
15,30975,Hep3B,3B16-2,PXD000533,1242
16,30976,Hep3B,3B17-1,PXD000533,1239
17,30977,Hep3B,3B17-2,PXD000533,1236
18,30978,Hep3B,3B18-1,PXD000533,1242
19,30979,Hep3B,3B18-2,PXD000533,1249
20,30980,Hep3B,3B19-1,PXD000533,1261
21,30981,Hep3B,3B19-2,PXD000533,1298
22,30982,Hep3B,3B20-1,PXD000533,1252
23,30983,Hep3B,3B20-2,PXD000533,1242
24,30984,Hep3B,3B2-1,PXD000533,1118
25,30985,Hep3B,3B21-1,PXD000533,1178
26,30986,Hep3B,3B21-2,PXD000533,1147
27,30987,Hep3B,3B2-2,PXD000533,1103
28,30988,Hep3B,3B22-1,PXD000533,1068
29,30989,Hep3B,3B22-2,PXD000533,1041
30,30990,Hep3B,3B23-1,PXD000533,1024
31,30991,Hep3B,3B23-2,PXD000533,1034
32,30992,Hep3B,3B24-1,PXD000533,1001
33,30993,Hep3B,3B24-2,PXD000533,993
34,30994,Hep3B,3B3-1,PXD000533,1103
35,30995,Hep3B,3B3-2,PXD000533,1086
36,30996,Hep3B,3B4-1,PXD000533,1145
37,30997,Hep3B,3B4-2,PXD000533,1033
38,30998,Hep3B,3B5-1,PXD000533,1098
39,30999,Hep3B,3B5-2,PXD000533,1184
40,31000,Hep3B,3B6-1,PXD000533,1136
41,31001,Hep3B,3B6-2,PXD000533,1126
42,31002,Hep3B,3B7-1,PXD000533,923
43,31003,Hep3B,3B7-2,PXD000533,927
44,31004,Hep3B,3B8-1,PXD000533,1051
45,31005,Hep3B,3B8-2,PXD000533,1070
46,31006,Hep3B,3B9-1,PXD000533,1101
47,31007,Hep3B,3B9-2,PXD000533,1076
48,31008,MHCC97,H10-1,PXD000533,1041
49,31009,MHCC97,H10-2,PXD000533,1061
50,31010,MHCC97,H1-1,PXD000533,1020
51,31011,MHCC97,H11-1,PXD000533,992
52,31012,MHCC97,H11-2,PXD000533,966
53,31013,MHCC97,H1-2,PXD000533,994
54,31014,MHCC97,H12-1,PXD000533,1019
55,31015,MHCC97,H12-2,PXD000533,1002
56,31016,MHCC97,H13-1,PXD000533,1165
57,31017,MHCC97,H13-2,PXD000533,1121
58,31018,MHCC97,H14-1,PXD000533,1216
59,31019,MHCC97,H14-2,PXD000533,1165
60,31020,MHCC97,H15-1,PXD000533,1186
61,31021,MHCC97,H15-2,PXD000533,1191
62,31022,MHCC97,H16-1,PXD000533,1143
63,31023,MHCC97,H16-2,PXD000533,1203
64,31024,MHCC97,H17-1,PXD000533,1192
65,31025,MHCC97,H17-2,PXD000533,1165
66,31026,MHCC97,H18-1,PXD000533,1180
67,31027,MHCC97,H18-2,PXD000533,1214
68,31028,MHCC97,H19-1,PXD000533,1234
69,31029,MHCC97,H19-2,PXD000533,1220
70,31030,MHCC97,H20-1,PXD000533,1190
71,31031,MHCC97,H20-2,PXD000533,1199
72,31032,MHCC97,H2-1,PXD000533,1042
73,31033,MHCC97,H21-1,PXD000533,1110
74,31034,MHCC97,H21-2,PXD000533,1084
75,31035,MHCC97,H2-2,PXD000533,1009
76,31036,MHCC97,H22-1,PXD000533,978
77,31037,MHCC97,H22-2,PXD000533,995
78,31038,MHCC97,H23-1,PXD000533,996
79,31039,MHCC97,H23-2,PXD000533,960
80,31040,MHCC97,H24-1,PXD000533,911
81,31041,MHCC97,H24-2,PXD000533,884
82,31042,MHCC97,H3-1,PXD000533,970
83,31043,MHCC97,H3-2,PXD000533,958
84,31044,MHCC97,H4-1,PXD000533,998
85,31045,MHCC97,H4-2,PXD000533,1002
86,31046,MHCC97,H5-1,PXD000533,1079
87,31047,MHCC97,H5-2,PXD000533,1043
88,31048,MHCC97,H6-1,PXD000533,1018
89,31049,MHCC97,H6-2,PXD000533,1011
90,31050,MHCC97,H7-1,PXD000533,1005
91,31051,MHCC97,H7-2,PXD000533,1084
92,31052,MHCC97,H8-1,PXD000533,1097
93,31053,MHCC97,H8-2,PXD000533,1044
94,31054,MHCC97,H9-1,PXD000533,1013
95,31055,MHCC97,H9-2,PXD000533,971
96,31056,Jurkat,QEXI09098,PXD004280,1316
97,31057,Jurkat,QEXI09100,PXD004280,1357
98,31058,Jurkat,QEXI09102,PXD004280,1400
99,31059,Jurkat,QEXI09104,PXD004280,1410
100,31060,Jurkat,QEXI09106,PXD004280,1415
101,31061,Jurkat,QEXI09108,PXD004280,1444
102,31062,Jurkat,QEXI09110,PXD004280,1379
103,31063,Jurkat,QEXI09112,PXD004280,1406
104,31064,Jurkat,QEXI09114,PXD004280,1306
105,31065,Jurkat,QEXI09116,PXD004280,1368
106,31066,Jurkat,QEXI09118,PXD004280,1400
107,31067,Jurkat,QEXI09120,PXD004280,1478
108,31068,Jurkat,QEXI09122,PXD004280,1404
109,31069,Jurkat,QEXI09124,PXD004280,1392
110,31070,Jurkat,QEXI09126,PXD004280,1527
111,31071,Jurkat,QEXI09128,PXD004280,1480
112,31072,Jurkat,QEXI09130,PXD004280,1531
113,31073,Jurkat,QEXI09132,PXD004280,1498
114,31074,Jurkat,QEXI09134,PXD004280,1420
115,31075,Jurkat,QEXI09136,PXD004280,1393
116,31076,Jurkat,QEXI09138,PXD004280,1513
117,31077,Jurkat,QEXI09140,PXD004280,1412
118,31078,Jurkat,QEXI09147,PXD004280,1248
119,31079,Jurkat,QEXI09149,PXD004280,1244
120,31080,Jurkat,QEXI09151,PXD004280,1177
121,31081,Jurkat,QEXI09153,PXD004280,1144
122,31082,Jurkat,QEXI09155,PXD004280,1369
123,31083,Jurkat,QEXI09157,PXD004280,1403
124,31084,Jurkat,QEXI09159,PXD004280,1488
125,31085,Jurkat,QEXI09161,PXD004280,1498
126,31086,Jurkat,QEXI09163,PXD004280,1393
127,31087,Jurkat,QEXI09165,PXD004280,1288
128,31088,Jurkat,QEXI09167,PXD004280,1235
129,31089,Jurkat,QEXI09169,PXD004280,1255
130,31090,Jurkat,QEXI09171,PXD004280,1439
131,31091,Jurkat,QEXI09173,PXD004280,1337
132,31092,Jurkat,QEXI09175,PXD004280,1197
133,31093,Jurkat,QEXI09177,PXD004280,1185
134,31094,Jurkat,QEXI09179,PXD004280,946
135,31095,Jurkat,QEXI09181,PXD004280,1296
136,31096,Jurkat,QEXI09183,PXD004280,1152
137,31097,Jurkat,QEXI09185,PXD004280,1101
138,31098,LAN5,FASP_1_01,PXD002842,586
139,31099,LAN5,FASP_1_02,PXD002842,313
140,31100,LAN5,FASP_2_01,PXD002842,1039
141,31101,LAN5,FASP_2_02,PXD002842,995
142,31102,LAN5,FASP_A_01,PXD002842,1418
143,31103,LAN5,FASP_A_02,PXD002842,1556
144,31104,LAN5,FASP_B_01,PXD002842,1593
145,31105,LAN5,FASP_B_02,PXD002842,1580
146,31138,A431,A431_01uM_DON_1_1,PXD008996,1441
147,31139,A431,A431_01uM_DON_1_2,PXD008996,1424
148,31140,A431,A431_01uM_DON_2_1,PXD008996,1551
149,31141,A431,A431_01uM_DON_2_2,PXD008996,1365
150,31142,A431,A431_01uM_DON_3_1,PXD008996,1235
151,31143,A431,A431_01uM_DON_3_2,PXD008996,1224
152,31144,A431,A431_10uM_DON_1_1,PXD008996,1202
153,31145,A431,A431_10uM_DON_1_2,PXD008996,1225
154,31146,A431,A431_10uM_DON_2_1,PXD008996,1317
155,31147,A431,A431_10uM_DON_2_2,PXD008996,1274
156,31148,A431,A431_10uM_DON_3_1,PXD008996,1256
157,31149,A431,A431_10uM_DON_3_2,PXD008996,1332
158,31150,A431,A431_1uM_DON_1_1,PXD008996,1215
159,31151,A431,A431_1uM_DON_1_2,PXD008996,1118
160,31152,A431,A431_1uM_DON_2_1,PXD008996,1243
161,31153,A431,A431_1uM_DON_2_2,PXD008996,1234
162,31154,A431,A431_1uM_DON_3_1,PXD008996,1404
163,31155,A431,A431_1uM_DON_3_2,PXD008996,1265
164,31156,A431,A431_control_1_1,PXD008996,1460
165,31157,A431,A431_control_1_2,PXD008996,1461
166,31158,A431,A431_control_2_1,PXD008996,1353
167,31159,A431,A431_control_2_2,PXD008996,1352
168,31160,A431,A431_control_3_1,PXD008996,1345
169,31161,A431,A431_control_3_2,PXD008996,1291
170,31162,HEK293,161021_deSDS_Digested_cells_1SDS_01_A,PXD006035,309
171,31163,HEK293,161021_deSDS_Digested_cells_1SDS_01_B,PXD006035,278
172,31164,HEK293,161021_deSDS_Digested_cells_1SDS_02_A,PXD006035,331
173,31165,HEK293,161021_deSDS_Digested_cells_1SDS_02_B,PXD006035,303
174,31166,HEK293,161021_deSDS_Digested_cells_1SDS_03_A,PXD006035,370
175,31167,HEK293,161021_deSDS_Digested_cells_1SDS_03_B,PXD006035,302
176,31168,HEK293,161021_deSDS_Digested_cells_1SDS_04_A,PXD006035,362
177,31169,HEK293,161021_deSDS_Digested_cells_1SDS_04_B,PXD006035,19
178,31170,HEK293,161021_deSDS_Digested_cells_1SDS_05_A,PXD006035,317
179,31171,HEK293,161021_deSDS_Digested_cells_1SDS_05_B,PXD006035,16
180,31172,HEK293,161021_deSDS_Digested_cells_1SDS_06_A,PXD006035,344
181,31173,HEK293,161021_deSDS_Digested_cells_1SDS_06_B,PXD006035,16
182,31174,HEK293,161021_deSDS_Digested_cells_1SDS_07_A,PXD006035,345
183,31175,HEK293,161021_deSDS_Digested_cells_1SDS_07_B,PXD006035,74
184,31176,HEK293,161021_deSDS_Digested_cells_1SDS_08_A,PXD006035,337
185,31177,HEK293,161021_deSDS_Digested_cells_1SDS_08_B,PXD006035,308
186,31178,HEK293,161021_deSDS_Digested_cells_1SDS_09_A,PXD006035,340
187,31179,HEK293,161021_deSDS_Digested_cells_1SDS_09_B,PXD006035,383
188,31180,HEK293,161021_deSDS_Digested_cells_1SDS_10_A,PXD006035,191
189,31181,HEK293,161021_deSDS_Digested_cells_1SDS_10_B,PXD006035,313
190,31182,HEK293,161021_deSDS_Digested_cells_1SDS_11_A,PXD006035,178
191,31183,HEK293,161021_deSDS_Digested_cells_1SDS_11_B,PXD006035,187
192,31184,HEK293,161021_deSDS_Digested_cells_1SDS_12_A,PXD006035,115
193,31185,HEK293,161021_deSDS_Digested_cells_1SDS_12_B,PXD006035,21
194,31186,HEK293,161021_deSDS_Digested_cells_1SDS_13_A,PXD006035,213
195,31187,HEK293,161021_deSDS_Digested_cells_1SDS_13_B,PXD006035,97
196,31188,HEK293,161021_deSDS_Digested_cells_1SDS_14_A,PXD006035,109
197,31189,HEK293,161021_deSDS_Digested_cells_1SDS_14_B,PXD006035,103
198,31190,HEK293,161021_deSDS_Digested_cells_1SDS_15_A,PXD006035,85
199,31191,HEK293,161021_deSDS_Digested_cells_1SDS_15_B,PXD006035,66
200,31192,HEK293,161021_deSDS_Digested_cells_1SDS_16_A,PXD006035,396
201,31193,HEK293,161021_deSDS_Digested_cells_1SDS_16_B,PXD006035,385
202,31194,HEK293,161021_deSDS_Digested_cells_1SDS_17_A,PXD006035,347
203,31195,HEK293,161021_deSDS_Digested_cells_1SDS_17_B,PXD006035,252
204,31196,HEK293,161021_deSDS_Digested_cells_1SDS_18_A,PXD006035,319
205,31197,HEK293,161021_deSDS_Digested_cells_1SDS_18_B,PXD006035,42
206,31198,HEK293,161021_deSDS_Digested_cells_1SDS_19_A,PXD006035,272
207,31199,HEK293,161021_deSDS_Digested_cells_1SDS_19_B,PXD006035,188
208,31200,HEK293,161021_deSDS_Digested_cells_1SDS_20_A,PXD006035,230
209,31201,HEK293,161021_deSDS_Digested_cells_1SDS_20_B,PXD006035,287
210,31202,HEK293,161021_deSDS_Digested_cells_1SDS_21_A,PXD006035,460
211,31203,HEK293,161021_deSDS_Digested_cells_1SDS_21_B,PXD006035,435
212,31204,HEK293,161021_deSDS_Digested_cells_1SDS_22_A,PXD006035,328
213,31205,HEK293,161021_deSDS_Digested_cells_1SDS_22_B,PXD006035,330
214,31206,HEK293,161021_deSDS_Digested_cells_1SDS_23_A,PXD006035,339
215,31207,HEK293,161021_deSDS_Digested_cells_1SDS_23_B,PXD006035,64
216,31208,HEK293,170322_HEK_RP_01_A,PXD006035,247
217,31209,HEK293,170322_HEK_RP_01_B,PXD006035,227
218,31210,HEK293,170322_HEK_RP_02_A,PXD006035,277
219,31211,HEK293,170322_HEK_RP_02_B,PXD006035,286
220,31212,HEK293,170322_HEK_RP_03_A,PXD006035,288
221,31213,HEK293,170322_HEK_RP_03_B,PXD006035,295
222,31214,HEK293,170322_HEK_RP_04_A,PXD006035,371
223,31215,HEK293,170322_HEK_RP_04_B,PXD006035,373
224,31216,HEK293,170322_HEK_RP_05_A,PXD006035,228
225,31217,HEK293,170322_HEK_RP_05_B,PXD006035,212
226,31218,HEK293,170322_HEK_RP_06_A,PXD006035,354
227,31219,HEK293,170322_HEK_RP_06_B,PXD006035,338
228,31220,HEK293,170322_HEK_RP_07_A,PXD006035,351
229,31221,HEK293,170322_HEK_RP_07_B,PXD006035,317
230,31222,HEK293,170322_HEK_RP_08_A,PXD006035,252
231,31223,HEK293,170322_HEK_RP_08_B,PXD006035,270
232,31224,HEK293,170322_HEK_RP_09_A,PXD006035,268
233,31225,HEK293,170322_HEK_RP_09_B,PXD006035,256
234,31226,HEK293,170322_HEK_RP_10_A,PXD006035,318
235,31227,HEK293,170322_HEK_RP_10_B,PXD006035,319
236,31228,HEK293,170322_HEK_RP_11_A,PXD006035,283
237,31229,HEK293,170322_HEK_RP_11_B,PXD006035,277
238,31230,HEK293,170322_HEK_RP_12_A,PXD006035,302
239,31231,HEK293,170322_HEK_RP_12_B,PXD006035,297
240,31232,HEK293,170322_HEK_RP_13_A,PXD006035,234
241,31233,HEK293,170322_HEK_RP_13_B,PXD006035,236
242,31234,HEK293,170322_HEK_RP_14_A,PXD006035,344
243,31235,HEK293,170322_HEK_RP_14_B,PXD006035,334
244,31236,HEK293,170322_HEK_RP_15_A,PXD006035,225
245,31237,HEK293,170322_HEK_RP_15_B,PXD006035,249
246,31238,HEK293,170322_HEK_RP_16_A,PXD006035,310
247,31239,HEK293,170322_HEK_RP_16_B,PXD006035,313
248,31240,HEK293,170322_HEK_RP_17_A,PXD006035,343
249,31241,HEK293,170322_HEK_RP_17_B,PXD006035,335
250,31242,HEK293,170322_HEK_RP_18_A,PXD006035,261
251,31243,HEK293,170322_HEK_RP_18_B,PXD006035,267
252,31244,HEK293,170322_HEK_RP_19_A,PXD006035,339
253,31245,HEK293,170322_HEK_RP_19_B,PXD006035,348
254,31246,HEK293,170322_HEK_RP_20_A,PXD006035,317
255,31247,HEK293,170322_HEK_RP_20_B,PXD006035,296
256,31248,HEK293,170322_HEK_RP_21_A,PXD006035,323
257,31249,HEK293,170322_HEK_RP_21_B,PXD006035,309
258,31250,HEK293,170322_HEK_RP_22_A,PXD006035,342
259,31251,HEK293,170322_HEK_RP_22_B,PXD006035,337
260,31252,HEK293,170322_HEK_RP_23_A,PXD006035,336
261,31253,HEK293,170322_HEK_RP_23_B,PXD006035,323
262,31254,MCF7,MCF7_1a,PXD008719,1636
263,31255,MCF7,MCF7_1b,PXD008719,1663
264,31256,MCF7,MCF7_2a,PXD008719,1864
265,31257,MCF7,MCF7_2b,PXD008719,1846
266,31258,MCF7,MCF7_3a,PXD008719,1852
267,31259,MCF7,MCF7_3b,PXD008719,1811
268,31260,MCF7,MCF7_curcumin_1a,PXD008719,1867
269,31261,MCF7,MCF7_curcumin_1b,PXD008719,1891
270,31262,MCF7,MCF7_curcumin_2a,PXD008719,1732
271,31263,MCF7,MCF7_curcumin_2b,PXD008719,1751
272,31264,MCF7,MCF7_curcumin_3a,PXD008719,1774
273,31265,MCF7,MCF7_curcumin_3b,PXD008719,1799
274,31266,ZR751,ZR751_1a,PXD008719,1961
275,31267,ZR751,ZR751_1b,PXD008719,1958
276,31268,ZR751,ZR751_2a,PXD008719,2078
277,31269,ZR751,ZR751_2b,PXD008719,2025
278,31270,ZR751,ZR751_3a,PXD008719,1881
279,31271,ZR751,ZR751_3b,PXD008719,1875
280,31272,ZR751,ZR751_curcumin_1a,PXD008719,2054
281,31273,ZR751,ZR751_curcumin_1b,PXD008719,2035
282,31274,ZR751,ZR751_curcumin_2a,PXD008719,1718
283,31275,ZR751,ZR751_curcumin_2b,PXD008719,1726
284,31276,ZR751,ZR751_curcumin_3a,PXD008719,1909
285,31277,ZR751,ZR751_curcumin_3b,PXD008719,1927
286,31278,JVM13,JVM-13_cyt_1a,PXD006591,2130
287,31279,JVM13,JVM-13_cyt_1b,PXD006591,2126
288,31280,JVM13,JVM-13_cyt_2a,PXD006591,2214
289,31281,JVM13,JVM-13_cyt_2b,PXD006591,2314
290,31282,JVM13,JVM-13_cyt_3a,PXD006591,2206
291,31283,JVM13,JVM-13_cyt_3b,PXD006591,2233
292,31284,HUVEC,HUVEC_cyt_con_3b,PXD003406,1863
293,31285,HUVEC,HUVEC_cyt_con_6a,PXD003406,1699
294,31286,HUVEC,HUVEC_cyt_con_5b_4,PXD003406,910
295,31287,HUVEC,HUVEC_cyt_con_2a,PXD003406,2106
296,31288,HUVEC,HUVEC_cyt_con_1a_4,PXD003406,818
297,31289,HUVEC,HUVEC_cyt_con_3a,PXD003406,1870
298,31290,HUVEC,HUVEC_cyt_con_1b_4,PXD003406,828
299,31291,HUVEC,HUVEC_cyt_con_5a_1,PXD003406,892
300,31292,HUVEC,HUVEC_cyt_con_4a,PXD003406,1872
301,31293,HUVEC,HUVEC_cyt_con_5b_1,PXD003406,1046
302,31294,HUVEC,HUVEC_cyt_con_1b_3,PXD003406,994
303,31295,HUVEC,HUVEC_cyt_con_1a_2,PXD003406,992
304,31296,HUVEC,HUVEC_cyt_con_1a_1,PXD003406,1291
305,31297,HUVEC,HUVEC_cyt_con_1b_1,PXD003406,1275
306,31298,HUVEC,HUVEC_cyt_con_7b,PXD003406,475
307,31299,HUVEC,HUVEC_cyt_con_5b_2,PXD003406,860
308,31300,HUVEC,HUVEC_cyt_con_1b_2,PXD003406,975
309,31301,HUVEC,HUVEC_cyt_con_5a_3,PXD003406,818
310,31302,HUVEC,HUVEC_cyt_con_1a_3,PXD003406,983
311,31303,HUVEC,HUVEC_cyt_con_5a_2,PXD003406,739
312,31304,HUVEC,HUVEC_cyt_con_7a,PXD003406,1465
313,31305,HUVEC,HUVEC_cyt_con_5b_3,PXD003406,884
314,31306,HUVEC,HUVEC_cyt_con_2b,PXD003406,1886
315,31307,HUVEC,HUVEC_cyt_con_5a_4,PXD003406,849
316,31308,HUVEC,HUVEC_cyt_con_6b,PXD003406,524
317,31309,HUVEC,HUVEC_cyt_con_4b,PXD003406,1836
318,31310,HUVEC,HUVEC_cyt_stim_1b_1,PXD003407,1285
319,31311,HUVEC,HUVEC_cyt_stim_1a_3,PXD003407,943
320,31312,HUVEC,HUVEC_cyt_stim_4a,PXD003407,1786
321,31313,HUVEC,HUVEC_cyt_stim_6b,PXD003407,513
322,31314,HUVEC,HUVEC_cyt_stim_3b,PXD003407,1965
323,31315,HUVEC,HUVEC_cyt_stim_5a_1,PXD003407,1523
324,31316,HUVEC,HUVEC_cyt_stim_5b_1,PXD003407,1518
325,31317,HUVEC,HUVEC_cyt_stim_5a_3,PXD003407,1099
326,31318,HUVEC,HUVEC_cyt_stim_7a,PXD003407,1615
327,31319,HUVEC,HUVEC_cyt_stim_1a_4,PXD003407,765
328,31320,HUVEC,HUVEC_cyt_stim_1b_2,PXD003407,1051
329,31321,HUVEC,HUVEC_cyt_stim_5b_2,PXD003407,1064
330,31322,HUVEC,HUVEC_cyt_stim_1b_4,PXD003407,792
331,31323,HUVEC,HUVEC_cyt_stim_5b_4,PXD003407,978
332,31324,HUVEC,HUVEC_cyt_stim_7b,PXD003407,589
333,31325,HUVEC,HUVEC_cyt_stim_2b,PXD003407,1793
334,31326,HUVEC,HUVEC_cyt_stim_1b_3,PXD003407,983
335,31327,HUVEC,HUVEC_cyt_stim_1a_1,PXD003407,1236
336,31328,HUVEC,HUVEC_cyt_stim_5a_2,PXD003407,1052
337,31329,HUVEC,HUVEC_cyt_stim_5b_3,PXD003407,1114
338,31330,HUVEC,HUVEC_cyt_stim_4b,PXD003407,1798
339,31331,HUVEC,HUVEC_cyt_stim_5a_4,PXD003407,995
340,31332,HUVEC,HUVEC_cyt_stim_1a_2,PXD003407,1052
341,31333,HUVEC,HUVEC_cyt_stim_2a,PXD003407,2006
342,31334,HUVEC,HUVEC_cyt_stim_3a,PXD003407,1963
343,31335,HUVEC,HUVEC_cyt_stim_6a,PXD003407,1636
344,31336,ZR751,ZR_con_1d_130618_cyt2,PXD001327,931
345,31337,ZR751,ZR_con_1d_130618_cyt1,PXD001327,1258
346,31338,ZR751,ZR_con_1d_130618_cyt4,PXD001327,1164
347,31339,ZR751,ZR_con_1d_130618_cyt2b,PXD001327,937
348,31340,ZR751,ZR_con_1d_130618_cyt3,PXD001327,1064
349,31341,ZR751,ZR_con_1d_130618_cyt1b,PXD001327,1269
350,31342,ZR751,ZR_con_1d_130618_cyt4b,PXD001327,1143
351,31343,ZR751,ZR_con_1d_130618_cyt3b,PXD001327,1068
352,31344,SKBR3,130327_o2_01_hu_C1_2hr,PXD002057,410
353,31345,SKBR3,130327_o2_02_hu_P1_2hr,PXD002057,730
354,31346,SKBR3,130327_o2_03_hu_C2_2hr,PXD002057,341
355,31347,SKBR3,130327_o2_04_hu_P2_2hr,PXD002057,632
356,31348,SKBR3,130327_o2_05_hu_C3_2hr,PXD002057,339
357,31349,SKBR3,130327_o2_06_hu_P3_2hr,PXD002057,647
358,31350,HeLa,qExHF01_02580,PXD004824,2747
359,31351,HeLa,qExHF01_02592,PXD004824,2711
360,31352,HeLa,qExHF01_02606,PXD004824,2823
361,31353,Huh7,20141127_SCX_HuH7_1,PXD003438,1299
362,31354,Huh7,20141127_SCX_HuH7_2,PXD003438,1259
363,31355,Huh7,20141127_SCX_HuH7_3,PXD003438,1280
364,31356,Huh7,20141127_SCX_HuH7_4,PXD003438,1207
365,31357,Huh7,20141210_RP_HuH7_1,PXD003438,1567
366,31358,Huh7,20141210_RP_HuH7_2,PXD003438,1604
367,31359,Huh7,20141210_RP_HuH7_3,PXD003438,1704
368,31360,Huh7,20141210_RP_HuH7_4,PXD003438,1656
369,31361,HCT116,20121023_EXQ4_JRW_SA_30L_1,PXD001352,4228
370,31362,HCT116,20121023_EXQ4_JRW_SA_30L_2,PXD001352,4206
371,31363,HCT116,20121023_EXQ4_JRW_SA_30T_1,PXD001352,3635
372,31364,HCT116,20121023_EXQ4_JRW_SA_30T_2,PXD001352,3660
373,31365,MCF7,20140127_EXQ4_JRW_D52_1_L,PXD001352,4007
374,31366,MCF7,20140127_EXQ4_JRW_D52_1_T,PXD001352,4081
375,31367,MCF7,20140127_EXQ4_JRW_D52_2_L,PXD001352,4087
376,31368,MCF7,20140127_EXQ4_JRW_D52_2_T,PXD001352,4381
377,31369,K562,20140127_EXQ4_JRW_D61_1_L,PXD001352,3116
378,31370,K562,20140127_EXQ4_JRW_D61_1_T,PXD001352,3464
379,31371,K562,20140127_EXQ4_JRW_D61_2_L,PXD001352,3430
380,31372,K562,20140127_EXQ4_JRW_D61_2_T,PXD001352,3155
381,31373,U87,20121023_EXQ4_JRW_SA_31L_1,PXD000661,4175
382,31374,U87,20121023_EXQ4_JRW_SA_31L_2,PXD000661,4219
383,31375,U87,20121023_EXQ4_JRW_SA_31L_3,PXD000661,4193
384,31376,U87,20121023_EXQ4_JRW_SA_31T_1,PXD000661,3393
385,31377,U87,20121023_EXQ4_JRW_SA_31T_2,PXD000661,3564
386,31378,U87,20121023_EXQ4_JRW_SA_31T_3,PXD000661,3602
387,31379,A549,20121023_EXQ4_JRW_SA_32L_1,PXD000661,4008
388,31380,A549,20121023_EXQ4_JRW_SA_32L_2,PXD000661,4083
389,31381,A549,20121023_EXQ4_JRW_SA_32L_3,PXD000661,3995
390,31382,A549,20121023_EXQ4_JRW_SA_32T_1,PXD000661,3101
391,31383,A549,20121023_EXQ4_JRW_SA_32T_2,PXD000661,3311
392,31384,A549,20121023_EXQ4_JRW_SA_32T_3,PXD000661,3049
393,31385,PC3,20121023_EXQ4_JRW_SA_33L_1,PXD000661,4002
394,31386,PC3,20121023_EXQ4_JRW_SA_33L_2,PXD000661,4102
395,31387,PC3,20121023_EXQ4_JRW_SA_33L_3,PXD000661,3977
396,31388,PC3,20121023_EXQ4_JRW_SA_33T_1,PXD000661,2965
397,31389,PC3,20121023_EXQ4_JRW_SA_33T_2,PXD000661,2556
398,31390,PC3,20121023_EXQ4_JRW_SA_33T_3,PXD000661,2751
399,31391,HepG2,20121023_EXQ4_JRW_SA_34L_1,PXD000661,3677
400,31392,HepG2,20121023_EXQ4_JRW_SA_34L_2,PXD000661,3524
401,31393,HepG2,20121023_EXQ4_JRW_SA_34L_3,PXD000661,3539
402,31394,HepG2,20121023_EXQ4_JRW_SA_34T_1,PXD000661,3105
403,31395,HepG2,20121023_EXQ4_JRW_SA_34T_2,PXD000661,3083
404,31396,HepG2,20121023_EXQ4_JRW_SA_34T_3,PXD000661,3167
405,31398,KO52,160116_K052_OffLRP_RP_f02,PXD008381,143
406,31399,KO52,160116_K052_OffLRP_RP_f03,PXD008381,195
407,31400,KO52,160116_K052_OffLRP_RP_f04,PXD008381,202
408,31401,KO52,160116_K052_OffLRP_RP_f05,PXD008381,188
409,31402,KO52,160116_K052_OffLRP_RP_f06,PXD008381,254
410,31403,KO52,160116_K052_OffLRP_RP_f07,PXD008381,267
411,31404,KO52,160116_K052_OffLRP_RP_f08,PXD008381,282
412,31411,KO52,160116_K052_OffLRP_RP_f15,PXD008381,136
413,31414,KO52,160116_K052_OffLRP_RP_f18,PXD008381,100
414,31418,KO52,160116_K052_OffLRP_RP_f22,PXD008381,28
415,31423,KO52,20160205_PGM_K052_SCX_RP_03,PXD008381,189
416,31424,KO52,20160205_PGM_K052_SCX_RP_04,PXD008381,300
417,31425,KO52,20160205_PGM_K052_SCX_RP_05,PXD008381,383
418,31426,KO52,20160205_PGM_K052_SCX_RP_06,PXD008381,313
419,31427,KO52,20160205_PGM_K052_SCX_RP_07,PXD008381,378
420,31428,KO52,20160205_PGM_K052_SCX_RP_08,PXD008381,299
421,31429,KO52,20160205_PGM_K052_SCX_RP_09,PXD008381,305
422,31430,KO52,20160205_PGM_K052_SCX_RP_10,PXD008381,273
423,31431,KO52,20160205_PGM_K052_SCX_RP_11,PXD008381,199
424,31433,KO52,20160205_PGM_K052_SCX_RP_13,PXD008381,274
425,31434,KO52,20160205_PGM_K052_SCX_RP_14,PXD008381,263
426,31435,KO52,20160205_PGM_K052_SCX_RP_15,PXD008381,320
427,31436,KO52,20160205_PGM_K052_SCX_RP_16,PXD008381,349
428,31437,KO52,20160205_PGM_K052_SCX_RP_17,PXD008381,463
429,31438,KO52,20160205_PGM_K052_SCX_RP_18,PXD008381,113
430,31439,KO52,20160205_PGM_K052_SCX_RP_19,PXD008381,336
431,31440,KO52,20160205_PGM_K052_SCX_RP_20,PXD008381,211
432,31442,KO52,20160205_PGM_K052_SCX_RP_22,PXD008381,25
433,31531,HL60,HL60_18hr_ctrl_1,PXD009149,91
434,31534,HL60,HL60_18hr_ctrl_4,PXD009149,98
435,31535,HL60,HL60_1hr_ctrl_1,PXD009149,137
436,31537,HL60,HL60_1hr_ctrl_3,PXD009149,155
437,31538,HL60,HL60_1hr_ctrl_4,PXD009149,153
438,31539,HL60,HL60_1hr_Zinc_1,PXD009149,160
439,31546,HL60,HL60_24hr_225uM_Zinc_4,PXD009149,110
440,31548,HL60,HL60_24hr_ctrl_2,PXD009149,120
441,31551,HL60,HL60_36hr_225uM_Zinc_1,PXD009149,322
442,31552,HL60,HL60_36hr_225uM_Zinc_2,PXD009149,254
443,31553,HL60,HL60_36hr_225uM_Zinc_3,PXD009149,234
444,31554,HL60,HL60_36hr_225uM_Zinc_4,PXD009149,387
445,31555,HL60,HL60_36hr_ctrl_1,PXD009149,297
446,31556,HL60,HL60_36hr_ctrl_2,PXD009149,316
447,31557,HL60,HL60_36hr_ctrl_3,PXD009149,207
448,31558,HL60,HL60_36hr_ctrl_4,PXD009149,307
449,31559,HL60,HL60_48hr_225uM_Zinc_1,PXD009149,230
450,31561,HL60,HL60_48hr_225uM_Zinc_3_160517100009,PXD009149,128
451,31562,HL60,HL60_48hr_225uM_Zinc_4,PXD009149,159
452,31563,HL60,HL60_48hr_ctrl_1,PXD009149,183
453,31564,HL60,HL60_48hr_ctrl_2,PXD009149,253
454,31566,HL60,HL60_48hr_ctrl_4,PXD009149,292
455,31567,HL60,HL60_6hr_ctrl_1,PXD009149,354
456,31568,HL60,HL60_6hr_ctrl_2,PXD009149,287
457,31569,HL60,HL60_6hr_ctrl_3,PXD009149,285
458,31570,HL60,HL60_6hr_ctrl_4,PXD009149,267
459,31571,HL60,HL60_6hr_Zinc_1,PXD009149,320
460,31572,HL60,HL60_6hr_Zinc_2,PXD009149,320
461,31573,HL60,HL60_6hr_Zinc_3,PXD009149,298
462,31574,HL60,HL60_6hr_Zinc_4,PXD009149,235
463,31575,BeWo,RAW_BeWo_P32_1,PXD005045,653
464,31576,BeWo,RAW_BeWo_P32_2,PXD005045,636
465,31577,BeWo,RAW_BeWo_P32_3,PXD005045,651
466,31578,BeWo,RAW_BeWo_P34_1,PXD005045,695
467,31579,BeWo,RAW_BeWo_P34_2,PXD005045,643
468,31580,BeWo,RAW_BeWo_P34_3,PXD005045,677
469,31581,BeWo,RAW_BeWo_P35_1,PXD005045,430
470,31582,BeWo,RAW_BeWo_P35_2,PXD005045,414
471,31583,BeWo,RAW_BeWo_P35_3,PXD005045,416
472,31584,HTR8,RAW_HTR8_SVneo_P79_1,PXD005045,702
473,31585,HTR8,RAW_HTR8_SVneo_P79_2,PXD005045,700
474,31586,HTR8,RAW_HTR8_SVneo_P79_3,PXD005045,652
475,31587,HTR8,RAW_HTR8_SVneo_P80_1,PXD005045,459
476,31588,HTR8,RAW_HTR8_SVneo_P80_2,PXD005045,433
477,31589,HTR8,RAW_HTR8_SVneo_P80_3,PXD005045,440
478,31590,HTR8,RAW_HTR8_SVneo_P81_1,PXD005045,549
479,31591,HTR8,RAW_HTR8_SVneo_P81_2,PXD005045,560
480,31592,HTR8,RAW_HTR8_SVneo_P81_3,PXD005045,547
481,31593,MHCC97,CHPP_97H_RP1_1,PXD000529,922
482,31594,MHCC97,CHPP_97H_RP1_2,PXD000529,995
483,31595,MHCC97,CHPP_97H_RP10_1,PXD000529,1142
484,31596,MHCC97,CHPP_97H_RP10_2,PXD000529,1148
485,31597,MHCC97,CHPP_97H_RP11_1,PXD000529,1174
486,31598,MHCC97,CHPP_97H_RP11_2,PXD000529,1151
487,31599,MHCC97,CHPP_97H_RP12_1,PXD000529,1157
488,31600,MHCC97,CHPP_97H_RP12_2,PXD000529,1161
489,31601,MHCC97,CHPP_97H_RP13_1,PXD000529,1124
490,31602,MHCC97,CHPP_97H_RP13_2,PXD000529,1142
491,31603,MHCC97,CHPP_97H_RP14_1,PXD000529,1133
492,31604,MHCC97,CHPP_97H_RP14_2,PXD000529,1141
493,31605,MHCC97,CHPP_97H_RP15_1,PXD000529,846
494,31606,MHCC97,CHPP_97H_RP15_2,PXD000529,953
495,31607,MHCC97,CHPP_97H_RP16_1,PXD000529,1015
496,31608,MHCC97,CHPP_97H_RP16_2,PXD000529,1072
497,31609,MHCC97,CHPP_97H_RP17_1,PXD000529,1020
498,31610,MHCC97,CHPP_97H_RP17_2,PXD000529,1005
499,31611,MHCC97,CHPP_97H_RP18_1,PXD000529,991
500,31612,MHCC97,CHPP_97H_RP18_2,PXD000529,1038
501,31613,MHCC97,CHPP_97H_RP19_1,PXD000529,825
502,31614,MHCC97,CHPP_97H_RP19_2,PXD000529,845
503,31615,MHCC97,CHPP_97H_RP2_1,PXD000529,1154
504,31616,MHCC97,CHPP_97H_RP2_2,PXD000529,1168
505,31617,MHCC97,CHPP_97H_RP20_1,PXD000529,985
506,31618,MHCC97,CHPP_97H_RP20_2,PXD000529,998
507,31619,MHCC97,CHPP_97H_RP21_1,PXD000529,976
508,31620,MHCC97,CHPP_97H_RP21_2,PXD000529,993
509,31621,MHCC97,CHPP_97H_RP22_1,PXD000529,916
510,31622,MHCC97,CHPP_97H_RP22_2,PXD000529,866
511,31623,MHCC97,CHPP_97H_RP23_1,PXD000529,1040
512,31624,MHCC97,CHPP_97H_RP23_2,PXD000529,1069
513,31625,MHCC97,CHPP_97H_RP24_1,PXD000529,976
514,31626,MHCC97,CHPP_97H_RP24_2,PXD000529,983
515,31627,MHCC97,CHPP_97H_RP3_1,PXD000529,1249
516,31628,MHCC97,CHPP_97H_RP3_2,PXD000529,1224
517,31629,MHCC97,CHPP_97H_RP4_1,PXD000529,1220
518,31630,MHCC97,CHPP_97H_RP4_2,PXD000529,1255
519,31631,MHCC97,CHPP_97H_RP5_1,PXD000529,1170
520,31632,MHCC97,CHPP_97H_RP5_2,PXD000529,1222
521,31633,MHCC97,CHPP_97H_RP6_1,PXD000529,1179
522,31634,MHCC97,CHPP_97H_RP6_2,PXD000529,1175
523,31635,MHCC97,CHPP_97H_RP7_1,PXD000529,1192
524,31636,MHCC97,CHPP_97H_RP7_2,PXD000529,1195
525,31637,MHCC97,CHPP_97H_RP8_1,PXD000529,1134
526,31638,MHCC97,CHPP_97H_RP8_2,PXD000529,1204
527,31639,MHCC97,CHPP_97H_RP9_1,PXD000529,1215
528,31640,MHCC97,CHPP_97H_RP9_2,PXD000529,1167
529,31641,MHCC97,CHPP_LM3_RP1_1,PXD000529,1164
530,31642,MHCC97,CHPP_LM3_RP1_2,PXD000529,1176
531,31643,MHCC97,CHPP_LM3_RP10_1,PXD000529,1105
532,31644,MHCC97,CHPP_LM3_RP10_2,PXD000529,1112
533,31645,MHCC97,CHPP_LM3_RP11_1,PXD000529,1058
534,31646,MHCC97,CHPP_LM3_RP11_2,PXD000529,1037
535,31647,MHCC97,CHPP_LM3_RP12_1,PXD000529,1090
536,31648,MHCC97,CHPP_LM3_RP12_2,PXD000529,1018
537,31649,MHCC97,CHPP_LM3_RP13_1,PXD000529,1047
538,31650,MHCC97,CHPP_LM3_RP13_2,PXD000529,1080
539,31651,MHCC97,CHPP_LM3_RP14_1,PXD000529,1079
540,31652,MHCC97,CHPP_LM3_RP14_2,PXD000529,1091
541,31653,MHCC97,CHPP_LM3_RP15_1,PXD000529,1092
542,31654,MHCC97,CHPP_LM3_RP15_2,PXD000529,990
543,31655,MHCC97,CHPP_LM3_RP16_1,PXD000529,963
544,31656,MHCC97,CHPP_LM3_RP16_2,PXD000529,966
545,31657,MHCC97,CHPP_LM3_RP17_1,PXD000529,966
546,31658,MHCC97,CHPP_LM3_RP17_2,PXD000529,963
547,31659,MHCC97,CHPP_LM3_RP18_1,PXD000529,974
548,31660,MHCC97,CHPP_LM3_RP18_2,PXD000529,983
549,31661,MHCC97,CHPP_LM3_RP19_1,PXD000529,969
550,31662,MHCC97,CHPP_LM3_RP19_2,PXD000529,971
551,31663,MHCC97,CHPP_LM3_RP2_1,PXD000529,1131
552,31664,MHCC97,CHPP_LM3_RP2_2,PXD000529,1127
553,31665,MHCC97,CHPP_LM3_RP20_1,PXD000529,944
554,31666,MHCC97,CHPP_LM3_RP20_2,PXD000529,932
555,31667,MHCC97,CHPP_LM3_RP21_1,PXD000529,951
556,31668,MHCC97,CHPP_LM3_RP21_2,PXD000529,974
557,31669,MHCC97,CHPP_LM3_RP22_1,PXD000529,969
558,31670,MHCC97,CHPP_LM3_RP22_2,PXD000529,994
559,31671,MHCC97,CHPP_LM3_RP23_1,PXD000529,918
560,31672,MHCC97,CHPP_LM3_RP23_2,PXD000529,935
561,31673,MHCC97,CHPP_LM3_RP24_1,PXD000529,967
562,31674,MHCC97,CHPP_LM3_RP24_2,PXD000529,968
563,31675,MHCC97,CHPP_LM3_RP3_1,PXD000529,1168
564,31676,MHCC97,CHPP_LM3_RP3_2,PXD000529,1185
565,31677,MHCC97,CHPP_LM3_RP4_1,PXD000529,1149
566,31678,MHCC97,CHPP_LM3_RP4_2,PXD000529,1149
567,31679,MHCC97,CHPP_LM3_RP5_1,PXD000529,1110
568,31680,MHCC97,CHPP_LM3_RP5_2,PXD000529,1133
569,31681,MHCC97,CHPP_LM3_RP6_1,PXD000529,1127
570,31682,MHCC97,CHPP_LM3_RP6_2,PXD000529,1104
571,31683,MHCC97,CHPP_LM3_RP7_1,PXD000529,1095
572,31684,MHCC97,CHPP_LM3_RP7_2,PXD000529,1039
573,31685,MHCC97,CHPP_LM3_RP8_1,PXD000529,1101
574,31686,MHCC97,CHPP_LM3_RP8_2,PXD000529,1151
575,31687,MHCC97,CHPP_LM3_RP9_1,PXD000529,1076
576,31688,MHCC97,CHPP_LM3_RP9_2,PXD000529,1081
577,31689,Jurkat,SPHPP_UPV_JURKAT_QE_CHAPS_RPB_R1_1_10,PXD000443,1697
578,31690,Jurkat,SPHPP_UPV_JURKAT_QE_CHAPS_RPB_R1_10_10,PXD000443,1463
579,31691,Jurkat,SPHPP_UPV_JURKAT_QE_CHAPS_RPB_R1_2_10,PXD000443,1655
580,31692,Jurkat,SPHPP_UPV_JURKAT_QE_CHAPS_RPB_R1_3_10,PXD000443,1501
581,31693,Jurkat,SPHPP_UPV_JURKAT_QE_CHAPS_RPB_R1_4_10,PXD000443,1500
582,31694,Jurkat,SPHPP_UPV_JURKAT_QE_CHAPS_RPB_R1_5_10,PXD000443,1482
583,31696,Jurkat,SPHPP_UPV_JURKAT_QE_CHAPS_RPB_R1_7_10,PXD000443,1483
584,31697,Jurkat,SPHPP_UPV_JURKAT_QE_CHAPS_RPB_R1_8_10,PXD000443,1585
585,31698,Jurkat,SPHPP_UPV_JURKAT_QE_CHAPS_RPB_R1_9_10,PXD000443,1612
586,31699,SHSY5Y,160923_A12_FullProteome2_WT_1_supernatant_SF_SCX12,PXD010538,1333
587,31700,SHSY5Y,160923_A12_FullProteome2_WT_1_supernatant_SF_SCX3,PXD010538,1722
588,31701,SHSY5Y,160923_A12_FullProteome2_WT_1_supernatant_SF_SCX4,PXD010538,1696
589,31702,SHSY5Y,160923_A12_FullProteome2_WT_1_supernatant_SF_SCX5,PXD010538,1737
590,31703,SHSY5Y,160923_A12_FullProteome2_WT_1_supernatant_SF_SCX6,PXD010538,1668
591,31704,SHSY5Y,160923_A12_FullProteome2_WT_10_supernatant_Rapa_SCX12,PXD010538,1399
592,31705,SHSY5Y,160923_A12_FullProteome2_WT_10_supernatant_Rapa_SCX3,PXD010538,1736
593,31706,SHSY5Y,160923_A12_FullProteome2_WT_10_supernatant_Rapa_SCX4,PXD010538,1687
594,31707,SHSY5Y,160923_A12_FullProteome2_WT_10_supernatant_Rapa_SCX5,PXD010538,1052
595,31708,SHSY5Y,160923_A12_FullProteome2_WT_10_supernatant_Rapa_SCX6,PXD010538,1702
596,31709,SHSY5Y,160923_A12_FullProteome2_WT_11_supernatant_Rapa_SCX12,PXD010538,1587
597,31710,SHSY5Y,160923_A12_FullProteome2_WT_11_supernatant_Rapa_SCX3,PXD010538,1765
598,31711,SHSY5Y,160923_A12_FullProteome2_WT_11_supernatant_Rapa_SCX4,PXD010538,1764
599,31712,SHSY5Y,160923_A12_FullProteome2_WT_11_supernatant_Rapa_SCX5,PXD010538,1782
600,31713,SHSY5Y,160923_A12_FullProteome2_WT_11_supernatant_Rapa_SCX6,PXD010538,1609
601,31714,SHSY5Y,160923_A12_FullProteome2_WT_12_supernatant_Rapa_SCX12,PXD010538,1651
602,31715,SHSY5Y,160923_A12_FullProteome2_WT_12_supernatant_Rapa_SCX3,PXD010538,1779
603,31716,SHSY5Y,160923_A12_FullProteome2_WT_12_supernatant_Rapa_SCX4,PXD010538,1734
604,31717,SHSY5Y,160923_A12_FullProteome2_WT_12_supernatant_Rapa_SCX5,PXD010538,1762
605,31718,SHSY5Y,160923_A12_FullProteome2_WT_12_supernatant_Rapa_SCX6,PXD010538,524
606,31719,SHSY5Y,160923_A12_FullProteome2_WT_13_supernatant_DMSO_SCX12,PXD010538,1471
607,31720,SHSY5Y,160923_A12_FullProteome2_WT_13_supernatant_DMSO_SCX3,PXD010538,1726
608,31721,SHSY5Y,160923_A12_FullProteome2_WT_13_supernatant_DMSO_SCX4,PXD010538,1699
609,31722,SHSY5Y,160923_A12_FullProteome2_WT_13_supernatant_DMSO_SCX5,PXD010538,1740
610,31723,SHSY5Y,160923_A12_FullProteome2_WT_13_supernatant_DMSO_SCX6,PXD010538,1728
611,31724,SHSY5Y,160923_A12_FullProteome2_WT_14_supernatant_DMSO_SCX12,PXD010538,1373
612,31725,SHSY5Y,160923_A12_FullProteome2_WT_14_supernatant_DMSO_SCX3,PXD010538,1683
613,31726,SHSY5Y,160923_A12_FullProteome2_WT_14_supernatant_DMSO_SCX4,PXD010538,1695
614,31727,SHSY5Y,160923_A12_FullProteome2_WT_14_supernatant_DMSO_SCX5,PXD010538,1760
615,31728,SHSY5Y,160923_A12_FullProteome2_WT_14_supernatant_DMSO_SCX6,PXD010538,1663
616,31729,SHSY5Y,160923_A12_FullProteome2_WT_15_supernatant_DMSO_SCX12,PXD010538,1419
617,31730,SHSY5Y,160923_A12_FullProteome2_WT_15_supernatant_DMSO_SCX3,PXD010538,1690
618,31731,SHSY5Y,160923_A12_FullProteome2_WT_15_supernatant_DMSO_SCX4,PXD010538,1683
619,31732,SHSY5Y,160923_A12_FullProteome2_WT_15_supernatant_DMSO_SCX5,PXD010538,1748
620,31733,SHSY5Y,160923_A12_FullProteome2_WT_15_supernatant_DMSO_SCX6,PXD010538,1682
621,31734,SHSY5Y,160923_A12_FullProteome2_WT_16_supernatant_DMSO_SCX12,PXD010538,1410
622,31735,SHSY5Y,160923_A12_FullProteome2_WT_16_supernatant_DMSO_SCX3,PXD010538,1713
623,31736,SHSY5Y,160923_A12_FullProteome2_WT_16_supernatant_DMSO_SCX4,PXD010538,1688
624,31737,SHSY5Y,160923_A12_FullProteome2_WT_16_supernatant_DMSO_SCX5,PXD010538,1728
625,31738,SHSY5Y,160923_A12_FullProteome2_WT_16_supernatant_DMSO_SCX6,PXD010538,1717
626,31739,SHSY5Y,160923_A12_FullProteome2_WT_17_supernatant_DMSO_SCX12,PXD010538,1509
627,31740,SHSY5Y,160923_A12_FullProteome2_WT_17_supernatant_DMSO_SCX3,PXD010538,1742
628,31741,SHSY5Y,160923_A12_FullProteome2_WT_17_supernatant_DMSO_SCX4,PXD010538,1724
629,31742,SHSY5Y,160923_A12_FullProteome2_WT_17_supernatant_DMSO_SCX5,PXD010538,1778
630,31743,SHSY5Y,160923_A12_FullProteome2_WT_17_supernatant_DMSO_SCX6,PXD010538,1594
631,31744,SHSY5Y,160923_A12_FullProteome2_WT_18_supernatant_DMSO_SCX12,PXD010538,1580
632,31745,SHSY5Y,160923_A12_FullProteome2_WT_18_supernatant_DMSO_SCX3,PXD010538,1698
633,31746,SHSY5Y,160923_A12_FullProteome2_WT_18_supernatant_DMSO_SCX4,PXD010538,1688
634,31747,SHSY5Y,160923_A12_FullProteome2_WT_18_supernatant_DMSO_SCX5,PXD010538,1739
635,31748,SHSY5Y,160923_A12_FullProteome2_WT_18_supernatant_DMSO_SCX6,PXD010538,1610
636,31749,SHSY5Y,160923_A12_FullProteome2_WT_2_supernatant_SF_SCX12,PXD010538,1432
637,31750,SHSY5Y,160923_A12_FullProteome2_WT_2_supernatant_SF_SCX3,PXD010538,1714
638,31751,SHSY5Y,160923_A12_FullProteome2_WT_2_supernatant_SF_SCX4,PXD010538,1667
639,31752,SHSY5Y,160923_A12_FullProteome2_WT_2_supernatant_SF_SCX5,PXD010538,1739
640,31753,SHSY5Y,160923_A12_FullProteome2_WT_2_supernatant_SF_SCX6,PXD010538,1637
641,31754,SHSY5Y,160923_A12_FullProteome2_WT_3_supernatant_SF_SCX12,PXD010538,1300
642,31755,SHSY5Y,160923_A12_FullProteome2_WT_3_supernatant_SF_SCX3,PXD010538,1717
643,31756,SHSY5Y,160923_A12_FullProteome2_WT_3_supernatant_SF_SCX4,PXD010538,1663
644,31757,SHSY5Y,160923_A12_FullProteome2_WT_3_supernatant_SF_SCX5,PXD010538,1684
645,31758,SHSY5Y,160923_A12_FullProteome2_WT_3_supernatant_SF_SCX6,PXD010538,1645
646,31759,SHSY5Y,160923_A12_FullProteome2_WT_4_supernatant_SF_SCX12,PXD010538,1416
647,31760,SHSY5Y,160923_A12_FullProteome2_WT_4_supernatant_SF_SCX3,PXD010538,1720
648,31761,SHSY5Y,160923_A12_FullProteome2_WT_4_supernatant_SF_SCX4,PXD010538,1648
649,31762,SHSY5Y,160923_A12_FullProteome2_WT_4_supernatant_SF_SCX5,PXD010538,1659
650,31763,SHSY5Y,160923_A12_FullProteome2_WT_4_supernatant_SF_SCX6,PXD010538,1614
651,31764,SHSY5Y,160923_A12_FullProteome2_WT_5_supernatant_SF_SCX12,PXD010538,1503
652,31765,SHSY5Y,160923_A12_FullProteome2_WT_5_supernatant_SF_SCX3,PXD010538,1729
653,31766,SHSY5Y,160923_A12_FullProteome2_WT_5_supernatant_SF_SCX4,PXD010538,1699
654,31767,SHSY5Y,160923_A12_FullProteome2_WT_5_supernatant_SF_SCX5,PXD010538,1704
655,31768,SHSY5Y,160923_A12_FullProteome2_WT_5_supernatant_SF_SCX6,PXD010538,1551
656,31769,SHSY5Y,160923_A12_FullProteome2_WT_6_supernatant_SF_SCX12,PXD010538,1402
657,31770,SHSY5Y,160923_A12_FullProteome2_WT_6_supernatant_SF_SCX3,PXD010538,1775
658,31771,SHSY5Y,160923_A12_FullProteome2_WT_6_supernatant_SF_SCX4,PXD010538,1716
659,31772,SHSY5Y,160923_A12_FullProteome2_WT_6_supernatant_SF_SCX6,PXD010538,1795
660,31773,SHSY5Y,160923_A12_FullProteome2_WT_6_supernatant_SF_SCX6_161214131311,PXD010538,1630
661,31774,SHSY5Y,160923_A12_FullProteome2_WT_7_supernatant_Rapa_SCX12,PXD010538,1324
662,31775,SHSY5Y,160923_A12_FullProteome2_WT_7_supernatant_Rapa_SCX3,PXD010538,1669
663,31776,SHSY5Y,160923_A12_FullProteome2_WT_7_supernatant_Rapa_SCX4,PXD010538,1670
664,31777,SHSY5Y,160923_A12_FullProteome2_WT_7_supernatant_Rapa_SCX5,PXD010538,1725
665,31778,SHSY5Y,160923_A12_FullProteome2_WT_7_supernatant_Rapa_SCX6,PXD010538,1724
666,31779,SHSY5Y,160923_A12_FullProteome2_WT_8_supernatant_Rapa_SCX12,PXD010538,1392
667,31780,SHSY5Y,160923_A12_FullProteome2_WT_8_supernatant_Rapa_SCX3,PXD010538,1744
668,31781,SHSY5Y,160923_A12_FullProteome2_WT_8_supernatant_Rapa_SCX4,PXD010538,1692
669,31782,SHSY5Y,160923_A12_FullProteome2_WT_8_supernatant_Rapa_SCX5,PXD010538,1753
670,31783,SHSY5Y,160923_A12_FullProteome2_WT_8_supernatant_Rapa_SCX6,PXD010538,1710
671,31784,SHSY5Y,160923_A12_FullProteome2_WT_9_supernatant_Rapa_SCX12,PXD010538,1545
672,31785,SHSY5Y,160923_A12_FullProteome2_WT_9_supernatant_Rapa_SCX3,PXD010538,1669
673,31786,SHSY5Y,160923_A12_FullProteome2_WT_9_supernatant_Rapa_SCX4,PXD010538,1687
674,31787,SHSY5Y,160923_A12_FullProteome2_WT_9_supernatant_Rapa_SCX5,PXD010538,1756
675,31788,SHSY5Y,160923_A12_FullProteome2_WT_9_supernatant_Rapa_SCX6,PXD010538,1707
676,32043,MDA-MB-231,MDA-MB-231_CC_CisPt,PXD009442,816
677,32044,MDA-MB-231,MDA-MB-231_CC_control,PXD009442,1121
678,32045,MDA-MB-231,MDA-MB-231_CC_cyclo,PXD009442,1019
679,32046,MDA-MB-231,MDA-MB-231_CC_Dox,PXD009442,1106
680,32047,MDA-MB-231,MDA-MB-231_CSC_control,PXD009442,1075
681,32081,SKNBE2,20161017_QEp5_PiSc_SA_mock_48h_2,PXD009560,3974
682,32082,SKNBE2,20161017_QEp5_PiSc_SA_mock_48h_3,PXD009560,3931
683,32083,SKNBE2,20161017_QEp5_PiSc_SA_mock_48h_4,PXD009560,3880
684,32084,SKNBE2,20161017_QEp5_PiSc_SA_mock_72h_1,PXD009560,3934
685,32085,SKNBE2,20161017_QEp5_PiSc_SA_mock_72h_2,PXD009560,3913
686,32086,SKNBE2,20161017_QEp5_PiSc_SA_mock_72h_3,PXD009560,3788
687,32087,SKNBE2,20161017_QEp5_PiSc_SA_mock_72h_4,PXD009560,3812
688,32088,SKNBE2,20161018_QEp5_PiSc_SA_ZIKV_24h_1,PXD009560,3936
689,32089,SKNBE2,20161018_QEp5_PiSc_SA_ZIKV_24h_2,PXD009560,3879
690,32090,SKNBE2,20161018_QEp5_PiSc_SA_ZIKV_24h_3,PXD009560,3907
691,32091,SKNBE2,20161018_QEp5_PiSc_SA_ZIKV_24h_4,PXD009560,3853
692,32092,SKNBE2,20161018_QEp5_PiSc_SA_ZIKV_48h_1,PXD009560,3868
693,32093,SKNBE2,20161018_QEp5_PiSc_SA_ZIKV_48h_2,PXD009560,3842
694,32094,SKNBE2,20161018_QEp5_PiSc_SA_ZIKV_48h_3,PXD009560,3933
695,32095,SKNBE2,20161018_QEp5_PiSc_SA_ZIKV_48h_4,PXD009560,3876
696,32096,SKNBE2,20161018_QEp5_PiSc_SA_ZIKV_72h_1,PXD009560,3731
697,32097,SKNBE2,20161018_QEp5_PiSc_SA_ZIKV_72h_2,PXD009560,3664
698,32098,SKNBE2,20161018_QEp5_PiSc_SA_ZIKV_72h_3,PXD009560,3709
699,32099,SKNBE2,20161018_QEp5_PiSc_SA_ZIKV_72h_4,PXD009560,2128
700,32100,SKNBE2,20161021_QEp5_PiSc_SA_mock_24h_1,PXD009560,3843
701,32101,SKNBE2,20161021_QEp5_PiSc_SA_mock_24h_2,PXD009560,3873
702,32102,SKNBE2,20161021_QEp5_PiSc_SA_mock_24h_3,PXD009560,3777
703,32103,SKNBE2,20161021_QEp5_PiSc_SA_mock_24h_4,PXD009560,3833
704,32104,SKNBE2,20161021_QEp5_PiSc_SA_mock_48h_1,PXD009560,3827
705,32105,A2780,A2780-1,PXD003252,1197
706,32106,A2780,A2780-2,PXD003252,1231
707,32107,A2780,A2780-DR control-1,PXD003252,1044
708,32108,A2780,A2780-DR control-2,PXD003252,1010
709,32109,A2780,A2780-DR H19si-1,PXD003252,1040
710,32110,A2780,A2780-DR H19si-2,PXD003252,1202
711,32111,A2780,A2780-DR-1,PXD003252,1145
712,32112,A2780,A2780-DR-2,PXD003252,1171
713,32149,MCF7,20170210_MCF7_LysC_Null_1a,PXD007543,1724
714,32150,MCF7,20170210_MCF7_LysC_Null_1b,PXD007543,1639
715,32151,MCF7,20170210_MCF7_LysC_Null_2a,PXD007543,1772
716,32152,MCF7,20170210_MCF7_LysC_Null_2b,PXD007543,1659
717,32153,MCF7,20170210_MCF7_LysC_Null_3a,PXD007543,1663
718,32154,MCF7,20170210_MCF7_LysC_Null_3b,PXD007543,1642
719,32155,MCF7,20170210_MCF7_LysC_WT_1a,PXD007543,1548
720,32156,MCF7,20170210_MCF7_LysC_WT_1b,PXD007543,1560
721,32157,MCF7,20170210_MCF7_LysC_WT_2a,PXD007543,1688
722,32158,MCF7,20170210_MCF7_LysC_WT_2b,PXD007543,1629
723,32159,MCF7,20170210_MCF7_LysC_WT_3a,PXD007543,1555
724,32160,MCF7,20170210_MCF7_LysC_WT_3b,PXD007543,1539
725,32161,MCF7,20170210_MCF7_Trypsin_Null_1a,PXD007543,2043
726,32162,MCF7,20170210_MCF7_Trypsin_Null_1b,PXD007543,1921
727,32163,MCF7,20170210_MCF7_Trypsin_Null_2a,PXD007543,2223
728,32164,MCF7,20170210_MCF7_Trypsin_Null_2b,PXD007543,2088
729,32165,MCF7,20170210_MCF7_Trypsin_Null_3a,PXD007543,2259
730,32166,MCF7,20170210_MCF7_Trypsin_Null_3b,PXD007543,2124
731,32167,MCF7,20170210_MCF7_Trypsin_WT_1a,PXD007543,2154
732,32168,MCF7,20170210_MCF7_Trypsin_WT_1b,PXD007543,2133
733,32169,MCF7,20170210_MCF7_Trypsin_WT_2a,PXD007543,1966
734,32170,MCF7,20170210_MCF7_Trypsin_WT_2b,PXD007543,1991
735,32171,MCF7,20170210_MCF7_Trypsin_WT_3a,PXD007543,2041
736,32172,MCF7,20170210_MCF7_Trypsin_WT_3b,PXD007543,2107
737,32173,HEK293,EOT12-1010,PXD008693,244
738,32176,HEK293,EOT12-1013,PXD008693,1252
739,32177,HEK293,EOT12-1014,PXD008693,1655
740,32178,HEK293,EOT12-1015,PXD008693,1230
741,32179,HEK293,EOT12-1016,PXD008693,1044
742,32180,HEK293,EOT12-1017,PXD008693,1145
743,32181,HEK293,EOT12-1018,PXD008693,1122
744,32182,HEK293,EOT12-1019,PXD008693,1181
745,32183,HEK293,EOT12-1020,PXD008693,775
746,32184,HEK293,EOT12-1021,PXD008693,514
747,32185,HEK293,EOT12-1022,PXD008693,91
748,32186,HEK293,EOT12-1023,PXD008693,54
749,32187,HEK293,EOT12-1024,PXD008693,28
750,32188,HEK293,EOT12-1025,PXD008693,79
751,32207,Jurkat,V14707_PolyASN_test_445_Jurkat__31-05-2013_LMA0_fr5_130610002205,PXD000426,257
752,32208,Jurkat,V14708_PolyASN_test_445_Jurkat__31-05-2013_LMA0_fr6_130610011337,PXD000426,280
753,32209,Jurkat,V14709_PolyASN_test_361_Jurkat__31-05-2013_LMA0_fr5_130610020453,PXD000426,251
754,32210,Jurkat,V14710_PolyASN_test_361_Jurkat__31-05-2013_LMA0_fr6,PXD000426,245
755,32211,Jurkat,V14711_PolyASN_test_445_Jurkat_2ul_31-05-2013_LMA0_fr7,PXD000426,236
756,32212,Jurkat,V14712_PolyASN_test_445_Jurkat__31-05-2013_LMA0_fr8,PXD000426,310
757,32213,Jurkat,V14713_PolyASN_test_361_Jurkat_2ul_31-05-2013_LMA0_fr7,PXD000426,223
758,32214,Jurkat,V14714_PolyASN_test_361_Jurkat__31-05-2013_LMA0_fr8,PXD000426,310
759,32215,Jurkat,V14715_PolyASN_test_445_Jurkat__31-05-2013_LMA0_fr9,PXD000426,263
760,32216,Jurkat,V14716_PolyASN_test_445_Jurkat__31-05-2013_LMA0_fr10,PXD000426,280
761,32217,Jurkat,V14717_PolyASN_test_361_Jurkat__31-05-2013_LMA0_fr9,PXD000426,256
762,32218,Jurkat,V14718_PolyASN_test_361_Jurkat__31-05-2013_LMA0_fr10,PXD000426,272
763,32219,Jurkat,V14719_PolyASN_test_445_Jurkat__31-05-2013_LMA0_fr11,PXD000426,276
764,32220,Jurkat,V14720_PolyASN_test_445_Jurkat__31-05-2013_LMA0_fr12_130610153425,PXD000426,305
765,32221,Jurkat,V14721_PolyASN_test_361_Jurkat__31-05-2013_LMA0_fr11_130610162550,PXD000426,260
766,32222,Jurkat,V14722_PolyASN_test_361_Jurkat__31-05-2013_LMA0_fr12,PXD000426,299
767,32223,Jurkat,V14723_PolyASN_test_445_Jurkat__31-05-2013_LMA0_fr13,PXD000426,273
768,32224,Jurkat,V14724_PolyASN_test_445_Jurkat__31-05-2013_LMA0_fr14,PXD000426,261
769,32225,Jurkat,V14725_PolyASN_test_361_Jurkat__31-05-2013_LMA0_fr13,PXD000426,265
770,32226,Jurkat,V14726_PolyASN_test_361_Jurkat__31-05-2013_LMA0_fr14,PXD000426,271
771,32227,Jurkat,V14727_PolyASN_test_445_Jurkat__31-05-2013_LMA0_fr15,PXD000426,240
772,32228,Jurkat,V14728_PolyASN_test_445_Jurkat__31-05-2013_LMA0_fr16,PXD000426,257
773,32229,Jurkat,V14729_PolyASN_test_361_Jurkat__31-05-2013_LMA0_fr15,PXD000426,240
774,32230,Jurkat,V14730_PolyASN_test_361_Jurkat__31-05-2013_LMA0_fr16,PXD000426,261
775,32231,Jurkat,V14731_PolyASN_test_445_Jurkat__31-05-2013_LMA0_fr17,PXD000426,247
776,32232,Jurkat,V14732_PolyASN_test_445_Jurkat__31-05-2013_LMA0_fr18,PXD000426,281
777,32233,Jurkat,V14733_PolyASN_test_361_Jurkat__31-05-2013_LMA0_fr17,PXD000426,239
778,32234,Jurkat,V14734_PolyASN_test_361_Jurkat__31-05-2013_LMA0_fr18,PXD000426,273
779,32235,Jurkat,V14735_PolyASN_test_445_Jurkat__31-05-2013_LMA0_fr19,PXD000426,267
780,32236,Jurkat,V14736_PolyASN_test_445_Jurkat__31-05-2013_LMA0_fr20,PXD000426,274
781,32237,Jurkat,V14737_PolyASN_test_361_Jurkat__31-05-2013_LMA0_fr19,PXD000426,260
782,32238,Jurkat,V14738_PolyASN_test_361_Jurkat__31-05-2013_LMA0_fr20,PXD000426,292
783,32239,Jurkat,V14783_PolyASN_test_445_Jurkat__31-05-2013_LMA0_fr2,PXD000426,308
784,32240,Jurkat,V14785_PolyASN_test_361_Jurkat__31-05-2013_LMA0_fr2,PXD000426,298
785,32241,Jurkat,V14786_PolyASN_test_445_Jurkat__31-05-2013_LMA0_fr3,PXD000426,270
786,32242,Jurkat,V14787_PolyASN_test_445_Jurkat__31-05-2013_LMA0_fr4,PXD000426,261
787,32243,Jurkat,V14788_PolyASN_test_361_Jurkat__31-05-2013_LMA0_fr3,PXD000426,275
788,32244,Jurkat,V14789_PolyASN_test_361_Jurkat__31-05-2013_LMA0_fr4,PXD000426,254
789,32245,Jurkat,V14790_PolyASN_test_445_Jurkat__31-05-2013_LMA0_fr1_130617185057,PXD000426,326
790,32246,Jurkat,V14791_PolyASN_test_361_Jurkat__31-05-2013_LMA0_fr1_130617170822,PXD000426,316
791,32247,Jurkat,V14982_PolyASN_test_445_Jurkat__16-06-2013_LMA2_fr1,PXD000426,246
792,32248,Jurkat,V14983_PolyASN_test_445_Jurkat__16-06-2013_LMA2_fr2,PXD000426,223
793,32249,Jurkat,V14984_PolyASN_test_361_Jurkat__16-06-2013_LMA2_fr1,PXD000426,223
794,32250,Jurkat,V14985_PolyASN_test_361_Jurkat__16-06-2013_LMA2_fr2,PXD000426,229
795,32251,Jurkat,V14986_PolyASN_test_445_Jurkat__16-06-2013_LMA5_fr3,PXD000426,228
796,32252,Jurkat,V14987_PolyASN_test_445_Jurkat__16-06-2013_LMA5_fr4,PXD000426,208
797,32253,Jurkat,V14988_PolyASN_test_361_Jurkat__16-06-2013_LMA5_fr3,PXD000426,187
798,32254,Jurkat,V14989_PolyASN_test_361_Jurkat__16-06-2013_LMA5_fr4,PXD000426,199
799,32255,Jurkat,V14990_PolyASN_test_445_Jurkat__16-06-2013_LMA5_fr5,PXD000426,213
800,32256,Jurkat,V14991_PolyASN_test_445_Jurkat__16-06-2013_LMA5_fr6,PXD000426,212
801,32257,Jurkat,V14992_PolyASN_test_361_Jurkat__16-06-2013_LMA5_fr5,PXD000426,200
802,32258,Jurkat,V14993_PolyASN_test_361_Jurkat__16-06-2013_LMA5_fr6,PXD000426,223
803,32259,Jurkat,V14994_PolyASN_test_445_Jurkat__16-06-2013_LMA5_fr7,PXD000426,206
804,32260,Jurkat,V14995_PolyASN_test_445_Jurkat__16-06-2013_LMA5_fr8,PXD000426,257
805,32261,Jurkat,V14996_PolyASN_test_361_Jurkat__16-06-2013_LMA5_fr7,PXD000426,195
806,32262,Jurkat,V14997_PolyASN_test_361_Jurkat__16-06-2013_LMA5_fr8,PXD000426,273
807,32263,Jurkat,V14998_PolyASN_test_445_Jurkat__16-06-2013_LMA5_fr9,PXD000426,221
808,32264,Jurkat,V14999_PolyASN_test_445_Jurkat__16-06-2013_LMA5_fr10,PXD000426,240
809,32265,Jurkat,V15000_PolyASN_test_361_Jurkat__16-06-2013_LMA5_fr9,PXD000426,209
810,32266,Jurkat,V15001_PolyASN_test_361_Jurkat__16-06-2013_LMA5_fr10,PXD000426,259
811,32267,Jurkat,V15002_PolyASN_test_445_Jurkat__16-06-2013_LMA5_fr11,PXD000426,264
812,32268,Jurkat,V15003_PolyASN_test_445_Jurkat__16-06-2013_LMA5_fr12,PXD000426,279
813,32269,Jurkat,V15004_PolyASN_test_361_Jurkat__16-06-2013_LMA5_fr11,PXD000426,256
814,32270,Jurkat,V15005_PolyASN_test_361_Jurkat__16-06-2013_LMA5_fr12,PXD000426,278
815,32271,Jurkat,V15006_PolyASN_test_445_Jurkat__16-06-2013_LMA5_fr13,PXD000426,263
816,32272,Jurkat,V15007_PolyASN_test_445_Jurkat__16-06-2013_LMA5_fr14,PXD000426,257
817,32273,Jurkat,V15008_PolyASN_test_361_Jurkat__16-06-2013_LMA5_fr13,PXD000426,287
818,32274,Jurkat,V15009_PolyASN_test_361_Jurkat__16-06-2013_LMA5_fr14,PXD000426,253
819,32275,Jurkat,V15010_PolyASN_test_445_Jurkat__16-06-2013_LMA5_fr15,PXD000426,219
820,32276,Jurkat,V15011_PolyASN_test_445_Jurkat__16-06-2013_LMA5_fr16,PXD000426,271
821,32277,Jurkat,V15012_PolyASN_test_361_Jurkat__16-06-2013_LMA5_fr15,PXD000426,245
822,32278,Jurkat,V15013_PolyASN_test_361_Jurkat__16-06-2013_LMA5_fr16,PXD000426,250
823,32279,Jurkat,V15014_PolyASN_test_445_Jurkat__16-06-2013_LMA5_fr17,PXD000426,240
824,32280,Jurkat,V15015_PolyASN_test_445_Jurkat__16-06-2013_LMA5_fr18,PXD000426,244
825,32281,Jurkat,V15016_PolyASN_test_361_Jurkat__16-06-2013_LMA5_fr17,PXD000426,253
826,32282,Jurkat,V15017_PolyASN_test_361_Jurkat__16-06-2013_LMA5_fr18,PXD000426,252
827,32283,Jurkat,V15018_PolyASN_test_445_Jurkat__16-06-2013_LMA5_fr19,PXD000426,263
828,32284,Jurkat,V15019_PolyASN_test_445_Jurkat__16-06-2013_LMA5_fr20,PXD000426,244
829,32285,Jurkat,V15020_PolyASN_test_361_Jurkat__16-06-2013_LMA5_fr19,PXD000426,243
830,32286,Jurkat,V15021_PolyASN_test_361_Jurkat__16-06-2013_LMA5_fr20,PXD000426,240
831,32287,U87,P15452_D_ZHI,PXD007759,1296
832,32288,U87,P15452_D_ZHI_151114034033,PXD007759,1325
833,32289,U87,P15452_D_ZHI_151114064020,PXD007759,1295
834,32290,U87,P15452_T_ZHI,PXD007759,1409
835,32291,U87,P15452_T_ZHI_151113094012,PXD007759,1423
836,32292,U87,P15452_T_ZHI_151113124048,PXD007759,1392
837,32890,HT29,CFP_HT29_28m_1,PXD018066,1863
838,32891,HT29,CFP_HT29_28m_2,PXD018066,1823
839,32892,HT29,CFP_HT29_28m_3,PXD018066,2073
840,32893,THP1,20190828_Lumos_ML_NP_EXP1_M0_Rep1,PXD017391,2933
841,32894,THP1,20190828_Lumos_ML_NP_EXP1_M0_Rep2,PXD017391,2990
842,32895,THP1,20190828_Lumos_ML_NP_EXP1_M0_Rep3,PXD017391,2951
843,32896,THP1,20190828_Lumos_ML_NP_EXP1_M1_48h_Rep1,PXD017391,2840
844,32897,THP1,20190828_Lumos_ML_NP_EXP1_M1_48h_Rep2,PXD017391,2753
845,32898,THP1,20190828_Lumos_ML_NP_EXP1_M1_48h_Rep3,PXD017391,2798
846,32899,THP1,20190828_Lumos_ML_NP_EXP1_M1_6h_Rep1,PXD017391,2977
847,32900,THP1,20190828_Lumos_ML_NP_EXP1_M1_6h_Rep2,PXD017391,2999
848,32901,THP1,20190828_Lumos_ML_NP_EXP1_M1_6h_Rep3,PXD017391,2996
849,32902,THP1,20190828_Lumos_ML_NP_EXP1_M2_24h_Rep1,PXD017391,2901
850,32903,THP1,20190828_Lumos_ML_NP_EXP1_M2_24h_Rep2,PXD017391,2936
851,32904,THP1,20190828_Lumos_ML_NP_EXP1_M2_24h_Rep3,PXD017391,2937
852,32905,THP1,20190828_Lumos_ML_NP_EXP1_M2_48h_Rep1,PXD017391,2901
853,32906,THP1,20190828_Lumos_ML_NP_EXP1_M2_48h_Rep2,PXD017391,2912
854,32907,THP1,20190828_Lumos_ML_NP_EXP1_M2_48h_Rep3,PXD017391,2923
855,32908,THP1,20190828_Lumos_ML_NP_EXP1_ND_Rep1,PXD017391,3057
856,32909,THP1,20190828_Lumos_ML_NP_EXP1_ND_Rep2,PXD017391,3056
857,32910,THP1,20190828_Lumos_ML_NP_EXP1_ND_Rep3,PXD017391,3068
858,32911,HT29,Ep_cells_HT29_27000,PXD016742,1474
